,state_code,dist_code,court_no,state_name,district_name,court_name
0,1,1,3,Maharashtra,Nandurbar,DISTRICT AND SESSIONS COURT
1,1,1,7,Maharashtra,Nandurbar,Additional District  And Sessions Court Shahada
2,1,2,1,Maharashtra,Dhule,DISTRICT AND SESSIONS COURT
3,1,3,2,Maharashtra,Jalgaon,DISTRICT AND SESSIONS COURT JALGAON
4,1,3,5,Maharashtra,Jalgaon,DISTRICT COURT 1 AND ADDL. SESSIONS COURT
5,1,4,1,Maharashtra,Buldhana,DISTRICT COURT
6,1,4,14,Maharashtra,Buldhana,District Judge and Addl. Sessions Judge
7,1,5,1,Maharashtra,Akola,Principal District and Sessions Judge
8,1,5,5,Maharashtra,Akola,District Judge - 1
9,1,7,1,Maharashtra,Amravati,DISTRICT  AND SESSIONS COURT AMRAVATI
10,1,7,6,Maharashtra,Amravati,COURT OF DISTRICT JUDGE-1 ACHALPUR
11,1,8,1,Maharashtra,Wardha,DISTRICT AND SESSIONS COURT WARDHA.
12,1,9,1,Maharashtra,Nagpur,DISTRICT  AND  SESSIONS COURT NAGPUR
13,1,10,1,Maharashtra,Bhandara,DISTRICT  SESSIONS COURT BHANDARA
14,1,11,3,Maharashtra,Gondia,DISTRICT COURT
15,1,12,1,Maharashtra,Gadchiroli,DISTRICT AND SESSIONS COURT GADCHIROLI.
16,1,13,1,Maharashtra,Chandrapur,DISTRICT AND SESSIONS COURT CHANDRAPUR MAH.
17,1,13,13,Maharashtra,Chandrapur,District Judge-1 and ASJ Warora
18,1,14,1,Maharashtra,Yavatmal,District and Sessions Court
19,1,14,6,Maharashtra,Yavatmal,Court of District Judge-1 and A.S.J. Darwha
20,1,14,12,Maharashtra,Yavatmal,DISTRICT JUDGE-1 And ADDL. SESSIONS JUDGE
21,1,14,17,Maharashtra,Yavatmal,DISTRICT  SESSIONS COURT PUSAD
22,1,15,2,Maharashtra,Nanded,DISTRICT  AND SESSIONS COURT NANDED
23,1,15,16,Maharashtra,Nanded,DIST. JUDGE-1  ADDL. SESSIONS JUDGE BILOLI
24,1,15,20,Maharashtra,Nanded,COURT OF DISTRICT JUDGE-1 BHOKAR
25,1,15,23,Maharashtra,Nanded,District Judge -1 Kandhar Camp at Mukhed
26,1,17,1,Maharashtra,Parbhani,DISTRICT  SESSIONS COURT PARBHANI.
27,1,17,4,Maharashtra,Parbhani,District Judge 1 and Addl.Sessions Court
28,1,4,9,Maharashtra,Buldhana,DIST.JUDGE-I  ADDITIONAL SESSIONS JUDGE
30,1,17,7,Maharashtra,Parbhani,District Judge 1 and Addl.Sessions Court
31,1,17,10,Maharashtra,Parbhani,District Judge 1 and Addl.Sessins Court
32,1,18,1,Maharashtra,Jalna,District  and Sessions Court Jalna
33,1,19,4,Maharashtra,Aurangabad,DISTRICT AND SESSIONS COURT AURANGABAD.
34,1,20,1,Maharashtra,Nashik,DISTRICT AND SESSIONS COURT NASHIK.
35,1,20,7,Maharashtra,Nashik,DISTRICT COURT
36,1,20,9,Maharashtra,Nashik,ADDITIONAL DISTRICT AND SESSIONS COURT
37,1,21,1,Maharashtra,Thane,DISTRICT AND SESSIONS COURT
38,1,21,23,Maharashtra,Thane,District Judge-1
39,1,21,25,Maharashtra,Thane,ADDL.DIST.  SESSIONS COURT KALYAN
40,1,21,28,Maharashtra,Thane,ADDIL. DISTRICT AND SESSEIONS COURT PALGHAR
41,1,24,1,Maharashtra,Raigad,DISTRICT COURT RAIGAD-ALIBAG
42,1,24,14,Maharashtra,Raigad,DISTRICT AND ADDITIONAL SESSIONS COURT MANGAON
43,1,25,1,Maharashtra,Pune,DISTRICT AND SESSIONS COURT PUNE MAHARASHTRA
44,1,25,4,Maharashtra,Pune,ADDITIONAL DISTRICT AND SESSIONS COURT BARAMATI
45,1,26,1,Maharashtra,Ahmednagar,District and Sessions Court
46,1,26,9,Maharashtra,Ahmednagar,District  And Sessions Court
47,1,26,20,Maharashtra,Ahmednagar,DISTRICT  SESSIONS COURT SHRIRAMPUR
48,1,27,1,Maharashtra,Beed,DIST.AND SESSION COURT BEED
49,1,27,9,Maharashtra,Beed,DISTRICT JUDGE-1  ADDL.SESSIONS COURT AMBAJOGAI.
50,1,27,13,Maharashtra,Beed,DIST JUDGE-1 AND ADDL. SESSIONS JUDGE MAJALGAON
51,1,28,1,Maharashtra,Latur,District  and Sessions Court
52,1,28,11,Maharashtra,Latur,Additional District  Addl. Sessions Court Udgir
53,1,28,12,Maharashtra,Latur,Additional District and Sessions Court Nilanga
54,1,28,13,Maharashtra,Latur,Additional District and Sessions Court
55,1,29,1,Maharashtra,Osmanabad,PRINCIPAL DISTRICT  AND SESSIONS COURT
56,1,29,6,Maharashtra,Osmanabad,COURT OF THE DIST. JUDGE-1
57,1,29,15,Maharashtra,Osmanabad,DISTRICT  AND ADDITIONAL SESSIONS JUDGE BHOOM
58,1,30,1,Maharashtra,Solapur,DISTRICT COURT SOLAPUR
59,1,30,12,Maharashtra,Solapur,District and Sessions Court
60,1,30,17,Maharashtra,Solapur,District Court
61,1,31,1,Maharashtra,Satara,DISTRICT  SESSIONS COURT SATARA.
62,1,31,7,Maharashtra,Satara,ADDITIONAL DISTRICT AND SESSIONS JUDGE KARAD
63,1,31,17,Maharashtra,Satara,District and Sessions Court
64,1,32,1,Maharashtra,Ratnagiri,PRINCIPAL DISTRICT  SESSIONS JUDGE RATNAGIRI.
65,1,32,8,Maharashtra,Ratnagiri,District Court-1 Addl. Session Court
66,1,33,1,Maharashtra,Sindhudurg,District and Sessions Court Sindhudurg
67,1,34,7,Maharashtra,Kolhapur,DISTRICT JUDGE-1  ADDL SESSIONS COURT
68,1,34,11,Maharashtra,Kolhapur,DISTRICT COURT
69,1,34,12,Maharashtra,Kolhapur,District Court 1 and ASJ Jaysingpur
70,1,35,9,Maharashtra,Sangli,DISTRICT AND ADDITIONAL SESSIONS COURT ISLAMPUR
71,1,35,13,Maharashtra,Sangli,DISTRICT AND SESSIONS COURT SANGLI
72,1,36,1,Maharashtra,Washim,Principal District and Sessions Court
73,1,36,9,Maharashtra,Washim,Additional District and Sessions Court
74,1,41,17,Maharashtra,Mah State Cooperative Appellat,THE DISTRICT CO-OPERATIVE
75,2,2,1,Andhra Pradesh,Ananthapur,District Court Complex
76,2,2,16,Andhra Pradesh,Ananthapur,II Addl.District Judges Court
77,2,2,26,Andhra Pradesh,Ananthapur,VI Addl.District Judge Court
78,2,3,1,Andhra Pradesh,Chittoor,PRINCIPAL DISTRICT AND SESSIONS JUDGE
79,2,3,5,Andhra Pradesh,Chittoor,ADDITIONAL DISTRICT JUDGE
80,2,3,19,Andhra Pradesh,Chittoor,II Additional District Court
81,2,4,1,Andhra Pradesh,East Godavari,Prl. District Court
82,2,4,6,Andhra Pradesh,East Godavari,II Addl. Dist. and Sessions Court
83,2,4,22,Andhra Pradesh,East Godavari,XII Addl. District and Sessions Judges
84,2,4,34,Andhra Pradesh,East Godavari,VII ADDL. DISTRICT AND SESSIONS COURT
85,2,5,1,Andhra Pradesh,Guntur,District Court
86,2,5,17,Andhra Pradesh,Guntur,DISTRICT COURT TENALI
87,2,5,23,Andhra Pradesh,Guntur,Addl District Judges Court
88,2,5,32,Andhra Pradesh,Guntur,X ADDL. DISTRICT COURT
89,2,7,1,Andhra Pradesh,Kadapa,District and Sessions Courts
90,2,7,14,Andhra Pradesh,Kadapa,V Additional District Judge Court
91,2,7,15,Andhra Pradesh,Kadapa,II Additional District  Court
92,2,7,27,Andhra Pradesh,Kadapa,III Additional District Judge Court
93,2,10,1,Andhra Pradesh,Kurnool,Prl.District and Sessions Court
94,2,10,6,Andhra Pradesh,Kurnool,II ADDITIONAL DISTRICT JUDGE
95,2,10,15,Andhra Pradesh,Kurnool,III Addl.District Court Complex
96,2,10,30,Andhra Pradesh,Kurnool,V Addl.District Court Complex
97,2,11,1,Andhra Pradesh,Krishna,II Additional District Judge
98,2,11,6,Andhra Pradesh,Krishna,Prl. District Court
99,2,11,19,Andhra Pradesh,Krishna,XI Addl District Court
100,2,11,23,Andhra Pradesh,Krishna,XV ADDITIONAL DISTRICT AND SESSIONS COURT
101,2,15,1,Andhra Pradesh,Nellore,District and Sessions Courts
102,2,15,10,Andhra Pradesh,Nellore,VII Addl. District and Session Court
103,2,17,1,Andhra Pradesh,Prakasham,PRL. DISTRICT JUDGE COURT
104,2,17,22,Andhra Pradesh,Prakasham,VI Addl District and Sessions Court
105,2,19,1,Andhra Pradesh,Srikakulam,Prl. District Court
106,2,19,13,Andhra Pradesh,Srikakulam,VI Addl.District and Sessions Judge Court
107,2,20,1,Andhra Pradesh,Visakapatnam,PRINCIPAL DISTRICT  AND SESSIONS JUDGE
108,2,20,6,Andhra Pradesh,Visakapatnam,X Addl District and Session Judges Court
109,2,20,10,Andhra Pradesh,Visakapatnam,XIII ADDITIONAL DISTRICT JUDGE COURT AT
110,2,20,24,Andhra Pradesh,Visakapatnam,Additional District Court
111,2,21,1,Andhra Pradesh,Vizianagaram,PRINCIPAL DISTRICT JUDGE COURT
112,2,21,17,Andhra Pradesh,Vizianagaram,II Additional District and Sessions Court
113,2,23,1,Andhra Pradesh,West Godavari,Principal District and Sessions Court
114,2,23,6,Andhra Pradesh,West Godavari,III ADDL DISTRICT COURT BHIMAVARAM
115,2,23,13,Andhra Pradesh,West Godavari,X ADDL DISTRICT COURT NARSAPUR
116,2,23,20,Andhra Pradesh,West Godavari,IX Additional District and Sessions
117,2,23,23,Andhra Pradesh,West Godavari,ADDITIONAL DISTRICT COURT TANUKU
118,3,1,1,Karnataka,BELAGAVI,Prl.  District and Session Judge
119,3,2,1,Karnataka,BAGALKOT,PRL. DISTRICT AND SESSION JUDGE
120,3,3,1,Karnataka,VIJAYAPURA,PRL. DISTRICT AND SESSIONS COURT
121,3,4,1,Karnataka,KALABURAGI,Prl Dist and Sessions Court Kalaburagi
122,3,5,1,Karnataka,BIDAR,District and Sessions Court
123,3,6,1,Karnataka,RAICHUR,PRL DISTRICT AND SESSIONS JUDGE
124,3,8,1,Karnataka,GADAG,Prl District and Sessions Judge
125,3,9,1,Karnataka,DHARWAD,PRL. DISTRICT AND SESSIONS JUDGE
126,3,10,1,Karnataka,UTTARA KANNADA,PRL. DISTRICT AND SESSIONS JUDGE COURT
127,3,10,18,Karnataka,UTTARA KANNADA,1st ADDL. Dist AND SESSIONS JUDGE
128,3,11,1,Karnataka,HAVERI,Prl District and Sessions Judge
129,3,11,13,Karnataka,HAVERI,II Addl District and Sessions Judge
130,3,12,1,Karnataka,BALLARI,PRL DISTRICT AND SESSIONS JUDGE
131,3,12,16,Karnataka,BALLARI,III ADDL DISTRICT AND SESSIONS JUDGE
132,3,13,1,Karnataka,CHITRADURGA,Prl. District and Sessions Judge
133,3,14,1,Karnataka,DAVANGERE,PRL DISTRICT AND SESSION JUDGE
134,3,15,1,Karnataka,SHIVAMOGGA,Prl. District and Sessions Judge.
135,3,16,1,Karnataka,UDUPI,PRL. DISTRICT AND SESSIONS JUDGE
136,3,16,7,Karnataka,UDUPI,ADDL.DISTRICT AND SESSIONS JUDGE-SIT AT KUNDAPURA
137,3,17,1,Karnataka,CHIKKAMAGALURU,PRL.DISTRICT AND SESSIONS JUDGE
138,3,18,1,Karnataka,TUMAKURU,Prl. District and Sessions Judge
139,3,18,22,Karnataka,TUMAKURU,V Addl. District and Sessions Judge
140,3,18,23,Karnataka,TUMAKURU,IV Addl. District and Sessions Court
141,3,19,1,Karnataka,KOLAR,PRL.DISTRICT AND SESSIONS JUDGE
142,3,21,1,Karnataka,BENGALURU RURAL,PRL. DISTRICT AND SESSION JUDGE
143,3,21,5,Karnataka,BENGALURU RURAL,IV ADDL. DISTRICT AND SESSIONS JUDGE
144,3,21,13,Karnataka,BENGALURU RURAL,III Addl. District and Sessions Judge
145,3,21,18,Karnataka,BENGALURU RURAL,V ADDITIONAL DIST  SESSIONS JUDGE
146,3,22,1,Karnataka,MANDYA,PRL. DISTRICT AND SESSIONS JUDGE
147,3,22,18,Karnataka,MANDYA,III ADL DISTRICT AND SESSIONS JUDGE
148,3,23,1,Karnataka,HASSAN,Prl.District and Sessions Judge
149,3,24,9,Karnataka,DAKSHINA KANNADA,V ADDL.DISTRICT AND SESSIONS JUDGE
150,3,24,17,Karnataka,DAKSHINA KANNADA,PRL. DISTRICT  AND SESSIONS JUDGE
151,3,25,1,Karnataka,KODAGU,PRL. DISTRICT AND SESSIONS JUDGE
152,3,25,8,Karnataka,KODAGU,II Addl DISTRICT AND SESSIONS COURT VIRAJPET
153,3,26,3,Karnataka,MYSURU,PRL. DISTRICT AND SESSIONS JUDGE
154,3,27,8,Karnataka,CHAMRAJNAGAR,ADDL. DISTRICT AND SESSIONS COURT
155,3,29,1,Karnataka,CHIKKABALLAPUR,Prl. District and Sessions Court
156,3,29,7,Karnataka,CHIKKABALLAPUR,II ADDL DISTRICT AND SESSIONS
157,4,1,1,Kerala,Kasaragod,PRINCIPAL DISTRICT AND SESSIONS COURT
158,4,2,1,Kerala,Ernakulam,DISTRICT AND SESSIONS COURT
159,4,2,32,Kerala,Ernakulam,Vth Addl District Court
160,4,2,38,Kerala,Ernakulam,Addl District and Sessions Court N.Paravur
161,4,2,52,Kerala,Ernakulam,Additional District and Sessions Court-POCSO
162,4,3,1,Kerala,Kannur,District and Sessions Court
163,4,4,1,Kerala,Thrissur,DISTRICT COURT ESTABLISHMENT
164,4,4,10,Kerala,Thrissur,Addl. Dist. and Sessions Court/MACT Irinjalakuda
165,4,5,1,Kerala,Kozhikode,District and Sessions Court
166,4,5,12,Kerala,Kozhikode,Additional District and Sessions Court
167,4,5,24,Kerala,Kozhikode,Additional District and Sessions Court III
168,4,6,1,Kerala,Alappuzha,District and Sessions Court
169,4,6,21,Kerala,Alappuzha,ADDL.DISTRICT AND SESSIONS COURT-I MAVELIKARA
170,4,7,1,Kerala,Idukki,District and sessions court Thodupuzha
171,4,8,1,Kerala,Palakkad,DISTRICT AND SESSIONS COURT PALAKKAD
172,4,8,17,Kerala,Palakkad,Addl District  Sessions Court  MACT  Ottapalam
173,4,9,1,Kerala,Thiruvananthapuram,District and Sessions Court
174,4,9,22,Kerala,Thiruvananthapuram,Addl District and Sessions Court
175,4,10,19,Kerala,Kottayam,MACT / ADDL. DISTRICT AND SESSIONS COURT
176,4,11,1,Kerala,Malappuram,District and Sessions Court
177,4,12,1,Kerala,Pathanamthitta,DISTRICT AND SESSIONS COURT PATHANAMTHITTA
178,4,13,1,Kerala,Lakshadweep,District and Sessions Court
179,4,16,1,Kerala,Wayanad,DISTRICT COURT
180,5,1,1,Himachal Pradesh,Hamirpur,DISTRICT AND SESSIONS COURT HAMIRPUR
181,5,2,1,Himachal Pradesh,Kangra,District and Sessions Court
182,5,4,1,Himachal Pradesh,Una,District and Sessions Judge
183,5,5,1,Himachal Pradesh,Solan,District and Sessions Court
184,5,5,11,Himachal Pradesh,Solan,District  & Sessions Judge
185,5,6,17,Himachal Pradesh,Mandi,District and Sessions Court
186,5,7,1,Himachal Pradesh,Bilaspur,District and Sessions Court
187,5,7,2,Himachal Pradesh,Bilaspur,Addl. District and Session Court
188,5,8,1,Himachal Pradesh,Chamba,District and Sessions Judge Chamba
189,5,9,2,Himachal Pradesh,Kinnaur,District  and Sessions Judge
190,5,10,1,Himachal Pradesh,Kullu,District and Session Judge
191,5,11,9,Himachal Pradesh,Shimla,District and Sessions Judge Rohru
192,5,11,10,Himachal Pradesh,Shimla,District and Sessions Judge Shimla
193,6,1,4,Assam,Kamrup Metro,Dist Judge and Addl Dist Judges
194,6,2,2,Assam,Tinsukia,District and Sessions Judge
195,6,3,8,Assam,Sivasagar,Addl Dist and Sessions Judge
196,6,4,2,Assam,Morigaon,District and Sessions Judge
197,6,5,2,Assam,Lakhimpur,District and Sessions Judge
198,6,6,2,Assam,Sonitpur,District and Sessions Judge Sonitpur Tezpur
199,6,6,7,Assam,Sonitpur,Addl District and Sessions Judge
200,6,7,2,Assam,Dibrugarh,District and Sessions Judge
201,6,8,2,Assam,Darrang,District and Sessions Judge
202,6,9,3,Assam,Bongaigaon,District And Sessions Judge
203,6,10,2,Assam,Nagaon,District and Sessions Judge
204,6,10,8,Assam,Nagaon,Addl. District and Sessions Judge FTC
205,6,11,2,Assam,Jorhat,District and Sessions Judge
206,6,12,1,Assam,Karimganj,District and Sessions Judge Court Karimganj
207,6,13,1,Assam,Cachar,District And Sessions Judge Court
208,6,15,1,Assam,Nalbari,District and Sessions Judge
209,6,16,1,Assam,Dhubri,District and Sessions Judge
210,6,16,8,Assam,Dhubri,Additional District and Sessions Judge
211,6,17,1,Assam,Dhemaji,District and Sessions Judge
212,6,18,1,Assam,Goalpara,District and Sessions Judge
213,6,20,1,Assam,Barpeta,District and Sessions Judge
214,6,21,1,Assam,Hailakandi,District and Sessions Judge
215,6,22,1,Assam,Kokrajhar,District and Sessions Judge
216,6,23,2,Assam,Kamrup,District and Sessions Judge
217,6,23,6,Assam,Kamrup,Additional District and Sessions Judge Rangia
218,6,24,3,Assam,Udalguri,District And Sessions Court
219,6,25,6,Assam,Chirang,Additional District and Sessions Judge
220,6,26,1,Assam,Karbi Anglong,District and Sessions Judge
221,6,27,1,Assam,Baksa,District and Sessions Judge
222,7,1,2,Jharkhand,Bokaro,Principal District and  Sessions Judge
223,7,2,2,Jharkhand,Dumka,District and Sessions Courts
224,7,3,1,Jharkhand,Koderma,Principal District  Sessions Judge
225,7,4,2,Jharkhand,West Singhbhum at Chaibasa,District And Sessions Court
226,7,5,1,Jharkhand,Gumla,District and Sessions Court
227,7,6,2,Jharkhand,Godda,District and Sessions Courts
228,7,7,2,Jharkhand,Hazaribagh,Principal District & Sessions Judge Hazaribag
229,7,8,4,Jharkhand,Lohardaga,Principal District Judge
230,7,9,4,Jharkhand,Dhanbad,District and Sessions Judge Dhanbad
231,7,10,1,Jharkhand,Giridih,District And Sessions Courts Giridih
232,7,11,1,Jharkhand,East Singhbhum at Jamshedpur,District and Sessions Courts
233,7,12,1,Jharkhand,Jamtara,District and Sessions Courts
234,7,14,1,Jharkhand,Pakur,DISTRICT AND SESSIONS COURT PAKUR
235,7,15,1,Jharkhand,Seraikella,District And Sessions Court
236,7,17,1,Jharkhand,Daltonganj,Principal District and Sessions Judge Palamau
237,7,18,1,Jharkhand,Simdega,District And Sessions Court
238,7,19,1,Jharkhand,Latehar,District and Sessions Courts
239,7,20,1,Jharkhand,Garhwa,Principal District Judge
240,7,21,1,Jharkhand,Sahibganj,Principal District Judge Espb
241,7,23,1,Jharkhand,RAMGARH,District and Sessions Judge Courts
242,1,34,1,Maharashtra,Kolhapur,DISTRICT AND SESSIONS COURT KOLHAPUR
244,7,24,1,Jharkhand,KHUNTI,Principal District and Sessions Judge Khunti
245,8,3,2,Bihar,Samastipur,District and Sessions Judge
246,8,17,5,Bihar,Darbhanga,District Sessions Judge Sub-Division
247,8,18,4,Bihar,Madhubani,District & Sessions Judge
248,8,31,1,Bihar,Sitamarhi,District and Sessions Judge
249,8,33,1,Bihar,Bhojpur,District and Sessional Judge Div.
250,8,34,4,Bihar,Bhagalpur,District and Sessional Judge Div.
251,8,35,1,Bihar,Gaya,District and Sessions Judge Div.
252,8,36,1,Bihar,Jehanabad,District and Sessional Judge Div.
253,9,1,11,Rajasthan,Rajsamand,DJ ADJ-Rajsamand District HQ
254,9,2,11,Rajasthan,Alwar,DJ ADJ-Alwar District HQ
255,9,2,12,Rajasthan,Alwar,LABOUR-Alwar District HQ
256,9,3,20,Rajasthan,Dausa,POCSO-Dausa District HQ
257,9,6,8,Rajasthan,Bikaner,DJ ADJ - Bikaner District HQ
258,9,7,11,Rajasthan,Ganganagar,DJ ADJ -Shri Ganganagar District HQ
259,9,7,12,Rajasthan,Ganganagar,WA Cases -Shri Ganganagar District HQ
260,9,8,11,Rajasthan,Merta (Nagaur),DJ-Merta District HQ
261,9,9,12,Rajasthan,Udaipur,DJ ADJ-Udaipur District HQ
262,9,9,18,Rajasthan,Udaipur,Labor-Udaipur District HQ
263,9,9,21,Rajasthan,Udaipur,WAC-Udaipur District HQ
264,9,9,22,Rajasthan,Udaipur,Rent-Udaipur Districe HQ
265,9,11,2,Rajasthan,Hanumangarh,DJ ADJ-Hanumangarh District HQ
266,9,13,13,Rajasthan,Bharatpur,DJ ADJ - Bharatpur District HQ
267,9,13,16,Rajasthan,Bharatpur,SPCL COURT - Bharatpur District HQ
268,9,13,18,Rajasthan,Bharatpur,LABOUR - Bharatpur District HQ
269,9,14,9,Rajasthan,Ajmer,DJ ADJ-Ajmer District HQ
270,9,14,13,Rajasthan,Ajmer,Labor-Ajmer District HQ
271,9,18,2,Rajasthan,Jhunjhunu,DJ ADJ - Jhunjhunu District HQ
272,9,22,17,Rajasthan,Jhalawar,ADJ - Aklera Jhalawar District
273,9,22,23,Rajasthan,Jhalawar,ADJ - Bhawanimandi Jhalawar District
274,9,23,3,Rajasthan,Pratapgarh,DJ ADJ COURT PRATAPGARH DISTRICT HQ
275,9,24,5,Rajasthan,Dungarpur,DJ ADJ Dungarpur District HQ
276,9,25,6,Rajasthan,Banswara,DJ ADJ Banswara District HQ
277,9,25,20,Rajasthan,Banswara,POCSO Banswara District HQ
278,9,26,7,Rajasthan,Sirohi,DJ ADJ-Sirohi District HQ
279,9,27,4,Rajasthan,Balotra Barmer,DJ ADJ-Balotra District HQ
280,9,29,5,Rajasthan,Karauli,DJ ADJ-Karauli District HQ
281,9,30,6,Rajasthan,Chittorgarh,DJ ADJ - Chittorgarh District HQ
282,9,31,11,Rajasthan,Bhilwara,DJ/ADJ - Bhilwara District HQ
283,9,31,19,Rajasthan,Bhilwara,WA - Bhilwara District HQ
284,9,31,32,Rajasthan,Bhilwara,ADDITIONAL DISTRICT SESSION JUDGE GULABPURA
285,9,32,4,Rajasthan,Jaiselmer,DJ-Jaisalmer District HQ
286,9,32,17,Rajasthan,Jaiselmer,Fam-Jaisalmer District HQ
287,9,33,22,Rajasthan,Churu,DJ ADJ DISTRICT HQ CHURU
288,9,34,2,Rajasthan,Dholpur,DJ ADJ - Dholpur District HQ
289,9,34,6,Rajasthan,Dholpur,SPCL - Dholpur District HQ
290,9,35,8,Rajasthan,Sikar,District  & Sessions Judge Sikar HQ
291,9,38,9,Rajasthan,Jaipur District,DJ ADJ-Jaipur District HQ
292,9,38,12,Rajasthan,Jaipur District,Print Statn_CBI Cases_JPR District HQ
293,9,38,14,Rajasthan,Jaipur District,DJ ADJ-Sambhar Lake
294,9,38,20,Rajasthan,Jaipur District,ADJ-Shahpura
295,9,38,34,Rajasthan,Jaipur District,ADJ-Kotputli
296,9,39,1,Rajasthan,Jodhpur District,DJ ADJ-Jodhpur District HQ
297,9,39,14,Rajasthan,Jodhpur District,ADJ Phalodi HQ
298,10,1,2,Tamil Nadu,Dharmapuri,District Munsif cum Judicial
299,10,1,3,Tamil Nadu,Dharmapuri,District Munsif Court
300,10,1,6,Tamil Nadu,Dharmapuri,Principal District and Sessions
301,10,1,9,Tamil Nadu,Dharmapuri,District Munsif Court
302,10,1,10,Tamil Nadu,Dharmapuri,District Munsif Court
303,10,1,17,Tamil Nadu,Dharmapuri,Special District Court to Deal with MCOP
304,10,1,20,Tamil Nadu,Dharmapuri,District Munsif Court
305,10,2,5,Tamil Nadu,Pudukkottai,PRINCIPAL DISTRICT COURT
306,10,2,8,Tamil Nadu,Pudukkottai,DISTRICT MUNSIF COURT
307,10,2,10,Tamil Nadu,Pudukkottai,District Munsif Court
308,10,2,14,Tamil Nadu,Pudukkottai,District Munsif Court
309,10,3,6,Tamil Nadu,Tirunelveli,Principal District Munsif cum Judicial
310,10,3,16,Tamil Nadu,Tirunelveli,II Additional District Court (PCR)
311,10,3,17,Tamil Nadu,Tirunelveli,Principal District Munsif Court
312,10,3,19,Tamil Nadu,Tirunelveli,Principal District Munsif Court
313,10,3,21,Tamil Nadu,Tirunelveli,Additional District Munsif Court
314,10,3,22,Tamil Nadu,Tirunelveli,Principal District Munsif Court
315,10,3,26,Tamil Nadu,Tirunelveli,Additional District - Sessions Court
316,2,4,3,Andhra Pradesh,East Godavari,III Addl. District And Sessions Court
318,10,3,31,Tamil Nadu,Tirunelveli,Principal District Munsif Court
319,10,3,32,Tamil Nadu,Tirunelveli,District Munsif Court
320,10,4,7,Tamil Nadu,Theni,Principal District Court Theni
321,10,4,9,Tamil Nadu,Theni,District Munsif Court Theni
322,10,4,13,Tamil Nadu,Theni,Additional District Court
323,10,4,15,Tamil Nadu,Theni,District Munsif Court
324,10,4,16,Tamil Nadu,Theni,District Munsif Court
325,10,4,20,Tamil Nadu,Theni,District Munsif Court
326,10,4,22,Tamil Nadu,Theni,District Munsif Court
327,10,5,3,Tamil Nadu,Namakkal,District Munsif
328,10,5,8,Tamil Nadu,Namakkal,District Munsif
329,10,5,11,Tamil Nadu,Namakkal,Principal District Munsif
330,10,6,3,Tamil Nadu,Nagapattinam,District Munsif Court
331,10,6,5,Tamil Nadu,Nagapattinam,Principal District Court
332,10,6,8,Tamil Nadu,Nagapattinam,District Munsif Court
333,10,6,11,Tamil Nadu,Nagapattinam,Principal District Munsif Court
334,10,6,16,Tamil Nadu,Nagapattinam,Additional District Court
335,10,7,4,Tamil Nadu,Kanniyakumari,Principal District Munsif Court
336,10,7,5,Tamil Nadu,Kanniyakumari,Principal District Munsiff Court
337,10,7,7,Tamil Nadu,Kanniyakumari,Principal District and Sessions Court
338,10,7,11,Tamil Nadu,Kanniyakumari,Principal District Munsif
339,10,7,13,Tamil Nadu,Kanniyakumari,Principal Dist.Munsiff
340,10,7,23,Tamil Nadu,Kanniyakumari,District Munsif Court
341,10,8,2,Tamil Nadu,Tiruchirappalli,District Munsif Court
342,10,8,4,Tamil Nadu,Tiruchirappalli,District Munsif Court Establishment
343,10,8,5,Tamil Nadu,Tiruchirappalli,District Munsif Court Establishment
344,10,8,9,Tamil Nadu,Tiruchirappalli,Principal District and Session Court
345,10,8,16,Tamil Nadu,Tiruchirappalli,District Munsif Courts Establishment
346,10,8,21,Tamil Nadu,Tiruchirappalli,Principal District Munsif Court
347,10,9,3,Tamil Nadu,Thoothukudi,District Munsif Court Complex
348,10,9,5,Tamil Nadu,Thoothukudi,Principal District court complex
349,10,9,8,Tamil Nadu,Thoothukudi,Principal District Musif court complex
350,10,9,11,Tamil Nadu,Thoothukudi,District Munsif Court
351,10,9,17,Tamil Nadu,Thoothukudi,District Munsif Court
352,10,9,20,Tamil Nadu,Thoothukudi,District Munsif Court
353,10,10,2,Tamil Nadu,Viluppuram,Principal District Munsif
354,10,10,4,Tamil Nadu,Viluppuram,Principal District Munsif
355,10,10,6,Tamil Nadu,Viluppuram,Principal District Munsif Court
356,10,10,10,Tamil Nadu,Viluppuram,Additional District and Sessions
357,10,10,11,Tamil Nadu,Viluppuram,Principal District Munsif
358,10,10,16,Tamil Nadu,Viluppuram,District Munsif Court
359,10,10,17,Tamil Nadu,Viluppuram,Principal District Court Villupuram
360,10,10,23,Tamil Nadu,Viluppuram,Principal District Munsif Villupuram
361,10,10,27,Tamil Nadu,Viluppuram,Additional District Court No.1
362,10,10,28,Tamil Nadu,Viluppuram,Additional District Court No.2
363,10,10,31,Tamil Nadu,Viluppuram,Principal District Munsif
364,10,11,4,Tamil Nadu,Vellore,ADDITIONAL DISTRICT AND SESSIONS JUDGE
365,10,11,5,Tamil Nadu,Vellore,Principal District Munsif
366,10,11,6,Tamil Nadu,Vellore,Addl Dist and Sess Court
367,10,11,7,Tamil Nadu,Vellore,District Munsif Court
368,10,11,10,Tamil Nadu,Vellore,District Munsif
369,10,11,11,Tamil Nadu,Vellore,Distrcit Munsif
370,10,11,12,Tamil Nadu,Vellore,Principal District Court
371,10,11,15,Tamil Nadu,Vellore,Principal District Munsif Court
372,10,11,19,Tamil Nadu,Vellore,District Munsif
373,10,11,23,Tamil Nadu,Vellore,Principal District Munsif Court
374,10,11,27,Tamil Nadu,Vellore,DISTRICT MUNSIF
375,10,11,36,Tamil Nadu,Vellore,District Munsif
376,10,12,9,Tamil Nadu,Salem,District Munsif Court
377,10,12,16,Tamil Nadu,Salem,Special District MCOP Court
378,10,12,18,Tamil Nadu,Salem,District Munsif
379,10,12,21,Tamil Nadu,Salem,Additional District Court (Fast Track)
380,10,12,24,Tamil Nadu,Salem,District Munsif
381,10,14,5,Tamil Nadu,Virudhunagar,Additional District Court
382,10,14,8,Tamil Nadu,Virudhunagar,Principal District Court
383,10,14,11,Tamil Nadu,Virudhunagar,Principal District Munsif Court
384,10,14,13,Tamil Nadu,Virudhunagar,District Musif Court
385,10,14,15,Tamil Nadu,Virudhunagar,District Munsif Court
386,10,14,18,Tamil Nadu,Virudhunagar,Principal District Munisf Court
387,10,15,3,Tamil Nadu,Madurai,Principal District Judge
388,10,15,4,Tamil Nadu,Madurai,II Addl District Judge for CBI
389,10,15,7,Tamil Nadu,Madurai,District Munsif Taluk
390,10,15,10,Tamil Nadu,Madurai,III Addl District Judge forPCR
391,10,15,12,Tamil Nadu,Madurai,Principal District Munsif
392,10,15,14,Tamil Nadu,Madurai,District Munsif Court Thirumangalam
393,10,15,15,Tamil Nadu,Madurai,District Munsif Court Complex
394,10,15,19,Tamil Nadu,Madurai,District Munsif Court
395,10,15,22,Tamil Nadu,Madurai,Spl District Judge for MCOP cases
396,10,16,1,Tamil Nadu,The Nilgiris,District court
397,10,16,2,Tamil Nadu,The Nilgiris,District Munsif Court
398,10,16,7,Tamil Nadu,The Nilgiris,District Munsif Cum Judicial
399,10,16,10,Tamil Nadu,The Nilgiris,District Munsif Court
400,10,17,3,Tamil Nadu,Thanjavur,I ADD DISTRICT COURT(PCR)
401,10,17,4,Tamil Nadu,Thanjavur,III ADDL. DISTRICT COURT
402,10,17,8,Tamil Nadu,Thanjavur,DISTRICT MUNSIF COURT
403,10,17,12,Tamil Nadu,Thanjavur,DISTRICT MUNSIF COURT
404,10,17,13,Tamil Nadu,Thanjavur,SPL DISTRICT COURT MCOP TRIPUNAL 
405,10,17,18,Tamil Nadu,Thanjavur,Additional District Court
406,10,17,22,Tamil Nadu,Thanjavur,Principal District Munsif court
407,10,17,23,Tamil Nadu,Thanjavur,District Munsif Court
408,10,18,17,Tamil Nadu,Coimbatore,PRINCIPAL DISTRICT MUNSIF COURT
409,10,18,20,Tamil Nadu,Coimbatore,DISTRICT MUNSIF
410,10,18,23,Tamil Nadu,Coimbatore,DISTRICT MUNSIF
411,10,19,2,Tamil Nadu,Karur,The Principal District Court
412,10,19,5,Tamil Nadu,Karur,The Principal District Munsif Court
413,10,19,9,Tamil Nadu,Karur,District Munsif Court
414,10,20,1,Tamil Nadu,Cuddalore,Principal District Judge Cuddalore.
415,10,20,7,Tamil Nadu,Cuddalore,Additional District Judge III
416,10,20,12,Tamil Nadu,Cuddalore,District Munsif Court
417,10,20,16,Tamil Nadu,Cuddalore,Principal District Munsif
418,10,20,18,Tamil Nadu,Cuddalore,Additional District Judge-II
419,10,20,19,Tamil Nadu,Cuddalore,Principal  District Munsif
420,10,20,24,Tamil Nadu,Cuddalore,Principal District Munsif Court
421,10,21,3,Tamil Nadu,Ramanathapuram,District Munsif Cum Judicial
422,10,21,5,Tamil Nadu,Ramanathapuram,District Munsif Court
423,10,21,9,Tamil Nadu,Ramanathapuram,District Munsif
424,10,21,13,Tamil Nadu,Ramanathapuram,District Munsif Court
425,10,21,15,Tamil Nadu,Ramanathapuram,Additional District Court
426,10,22,1,Tamil Nadu,Tiruvannamalai,Principal District and Sessions Court
427,10,22,8,Tamil Nadu,Tiruvannamalai,District Munsif Court
428,10,22,9,Tamil Nadu,Tiruvannamalai,Principal District Munsif Court
429,10,22,11,Tamil Nadu,Tiruvannamalai,District Munsif Court
430,10,22,15,Tamil Nadu,Tiruvannamalai,District Munsif Court
431,10,22,17,Tamil Nadu,Tiruvannamalai,Principal District Munsif
432,10,22,21,Tamil Nadu,Tiruvannamalai,Additional District Court
433,10,22,22,Tamil Nadu,Tiruvannamalai,District Munsif Court
434,10,23,2,Tamil Nadu,Perambalur,Prl. DISTRICT AND SESSIONS COURT AND MAHILA
435,10,24,2,Tamil Nadu,Erode,District Munsif
436,10,24,3,Tamil Nadu,Erode,Principal District Court
437,10,24,6,Tamil Nadu,Erode,Principal District Munsif
438,10,24,14,Tamil Nadu,Erode,Additional District Court
439,10,24,16,Tamil Nadu,Erode,District Munsif
440,10,24,20,Tamil Nadu,Erode,IV-ADDITIONAL DISTRICT COURT
441,10,24,22,Tamil Nadu,Erode,Principal District Munsif
442,10,24,24,Tamil Nadu,Erode,1 Additional District Munsif Court
443,10,24,25,Tamil Nadu,Erode,Special District Court MCOP Establishment
444,10,25,6,Tamil Nadu,Tiruvarur,District Munsif Court
445,10,25,9,Tamil Nadu,Tiruvarur,Principal District Court
446,10,25,12,Tamil Nadu,Tiruvarur,District Munsif Court
447,10,25,14,Tamil Nadu,Tiruvarur,District  Munsif
448,10,26,2,Tamil Nadu,Krishnagiri,Principal District Judge
449,10,26,4,Tamil Nadu,Krishnagiri,District Munsif
450,10,26,10,Tamil Nadu,Krishnagiri,District Munsif cum Judicial
451,10,26,15,Tamil Nadu,Krishnagiri,Additional District Court
452,10,26,18,Tamil Nadu,Krishnagiri,District Munsif cum Judicial
453,10,26,19,Tamil Nadu,Krishnagiri,District Munsif Court
454,10,27,2,Tamil Nadu,Dindigul,Principal District and Sessions Court
455,10,27,5,Tamil Nadu,Dindigul,Principal District munsif Court
456,10,27,6,Tamil Nadu,Dindigul,District Munsiff Court
457,10,27,9,Tamil Nadu,Dindigul,District Munsif
458,10,27,10,Tamil Nadu,Dindigul,District Munsif cum Judicial
459,10,27,12,Tamil Nadu,Dindigul,District Munsif court
460,10,27,19,Tamil Nadu,Dindigul,Additional District Court(FTC)
461,10,27,22,Tamil Nadu,Dindigul,Principal District Munsif Court
462,10,28,2,Tamil Nadu,Puducherry,Principal District Court Establishment
463,10,28,5,Tamil Nadu,Puducherry,Principal District Munsif Establishment
464,10,28,7,Tamil Nadu,Puducherry,District and  Sessions Court
465,10,29,3,Tamil Nadu,Sivagangai,District Munsif Court
466,3,7,1,Karnataka,KOPPAL,Prl.District and Sessions Court Koppal
468,10,29,12,Tamil Nadu,Sivagangai,DISTRICT MUNSIF COURT
469,10,30,4,Tamil Nadu,Ariyalur,Principal_District_Court_ Establisment_Ariyalur
470,10,30,7,Tamil Nadu,Ariyalur,Principal_District_Munsif_Court_Ariyalur
471,10,30,8,Tamil Nadu,Ariyalur,District_Munsif_Court_Jayankondam
472,10,31,4,Tamil Nadu,Kancheepuram,District and Sessions Judge
473,10,31,7,Tamil Nadu,Kancheepuram,Principal District Munsif
474,10,31,8,Tamil Nadu,Kancheepuram,Principal District Court
475,10,31,11,Tamil Nadu,Kancheepuram,District Munsif Court
476,10,31,13,Tamil Nadu,Kancheepuram,Principal District Munsif
477,10,31,18,Tamil Nadu,Kancheepuram,District Munsif Court
478,10,32,5,Tamil Nadu,Tiruvallur,District Munsif Court
479,10,32,8,Tamil Nadu,Tiruvallur,District Munsif Court
480,10,32,12,Tamil Nadu,Tiruvallur,District Munsif Court
481,10,32,15,Tamil Nadu,Tiruvallur,District Munsif cum Judicial
482,10,32,19,Tamil Nadu,Tiruvallur,Principal District and Sessions Court
483,10,32,21,Tamil Nadu,Tiruvallur,Additional District and Sessions Court-II
484,10,32,24,Tamil Nadu,Tiruvallur,Principal District Munsif
485,10,33,1,Tamil Nadu,Tiruppur,District Munsif Court
486,10,33,2,Tamil Nadu,Tiruppur,District Munsif Court
487,10,33,6,Tamil Nadu,Tiruppur,District Munsif Court
488,10,33,9,Tamil Nadu,Tiruppur,District Munsif Court
489,10,33,14,Tamil Nadu,Tiruppur,District Munsif Court
490,10,33,17,Tamil Nadu,Tiruppur,III Additional District Judge
491,10,33,19,Tamil Nadu,Tiruppur,District Munsif Court
492,10,33,20,Tamil Nadu,Tiruppur,Principal District court
493,11,1,4,Orissa,Cuttack,District and Sessions Court
494,11,1,7,Orissa,Cuttack,Addl. District and Sessions Judge
495,11,2,2,Orissa,Kendrapada,District and Sessions Judge
496,11,3,2,Orissa,Nuapada,District and  Sessions Judge Court Nuapada
497,11,4,2,Orissa,Ganjam,District Civil and  Sessions Court
498,11,4,16,Orissa,Ganjam,Additional District Judge
499,11,4,19,Orissa,Ganjam,Additional District Judge
500,11,5,2,Orissa,Balasore,District  and Sessions Judge
501,11,6,3,Orissa,Koraput,District and Sessions Judge
502,11,6,6,Orissa,Koraput,Addl District and Sessions Jugde
503,11,7,2,Orissa,Dhenkanal,District and Sessions Judge Dhenkanal
504,11,7,5,Orissa,Dhenkanal,Additional District and Sessions Judge
505,11,8,2,Orissa,Khurda,District and Sessions Court
506,11,8,5,Orissa,Khurda,Addl. District and Sessions Court
507,11,9,2,Orissa,Gajapati,District and Session Judge
508,11,10,4,Orissa,Kalahandi,District and Sessions Judge
509,11,10,8,Orissa,Kalahandi,Additional District  and Sessions Judge
510,11,11,2,Orissa,Sambalpur,District and Sessions Judge 
511,11,11,8,Orissa,Sambalpur,Additional District & Session Judge
512,11,11,11,Orissa,Sambalpur,Additional District Judge
513,11,12,3,Orissa,Jharsuguda,District And Sessions Judge
514,11,13,2,Orissa,Keonjhar,District and Sessions Judge
515,11,13,8,Orissa,Keonjhar,Additional District and Session Judge
516,11,13,11,Orissa,Keonjhar,Addl. District and Sessions Judge
517,11,14,3,Orissa,Jagatsinghpur,Dist and Sessions Judge court Jagatsinghpur
518,11,15,3,Orissa,Puri,District and Sessions Judge Puri
519,11,15,14,Orissa,Puri,Additional District and Sessions Judge
520,11,16,2,Orissa,Sundargarh,District and Sessions Judge Court Sundargarh
521,11,17,2,Orissa,Balangir,District & Sessions Judge
522,11,17,6,Orissa,Balangir,Additional District Judge Patnagarh
523,11,17,8,Orissa,Balangir,Additional District Judge
524,11,17,11,Orissa,Balangir,Additional District Judge
525,11,18,2,Orissa,Bhadrak,District and Sessions Judge
526,11,19,2,Orissa,Jajpur,District and Sessions Judge
527,11,20,2,Orissa,Sonepur,District and  Sessions Judge
528,11,21,2,Orissa,Rayagada,District and Sessions Court
529,11,22,4,Orissa,Nayagarh,District & Sessions Judge Court
530,11,26,2,Orissa,Mayurbhanj,District and Sessions Judge Court
531,11,26,5,Orissa,Mayurbhanj,Addl. District and Sessions Judge
532,11,26,12,Orissa,Mayurbhanj,Additional District and Sessions Judge
533,11,27,2,Orissa,Anugul,District and Sessions Judge
534,11,27,5,Orissa,Anugul,Additional District and Sessions Judge
535,11,29,1,Orissa,Bargarh,District and Sessions Judge Court
536,11,29,9,Orissa,Bargarh,Addl. District and Sessions Judge Padampur
537,11,30,1,Orissa,Deogarh,District and Sessions Judge
538,11,31,1,Orissa,Malkangiri,Additional District and Sessions Judge Malkangiri
539,11,32,1,Orissa,Nabarangpur,District and Sessions Court 
540,12,1,2,Jammu and Kashmir,Kathua,Principal District Judge
541,12,2,2,Jammu and Kashmir,Udhampur,Pr. District Judge 
542,12,3,3,Jammu and Kashmir,Baramulla,Principal District Judge
543,12,3,6,Jammu and Kashmir,Baramulla,Additional District Judge
544,12,4,2,Jammu and Kashmir,Anantnag,Principal District Judge
545,12,6,2,Jammu and Kashmir,Pulwama,Principal District Judge
546,12,7,3,Jammu and Kashmir,Ganderbal,Principal District Judge
547,12,8,2,Jammu and Kashmir,Budgam,Principal District Judge
548,12,9,2,Jammu and Kashmir,Reasi,Principal District Judge
549,12,10,2,Jammu and Kashmir,Shopian,Principal District Judge Shopian
550,12,11,2,Jammu and Kashmir,Kupwara,Principal District Judge
551,12,11,5,Jammu and Kashmir,Kupwara,Principal District Judge
552,12,12,2,Jammu and Kashmir,Poonch,Pr Distt judge
553,12,13,2,Jammu and Kashmir,Rajouri,Principal District Judge
554,12,14,2,Jammu and Kashmir,Ramban,Principal District Judge
555,12,15,2,Jammu and Kashmir,Doda,Principal District Judge
556,12,15,7,Jammu and Kashmir,Doda,Principal District Judge
557,12,18,2,Jammu and Kashmir,Bandipora,Principal District Judge
558,12,19,2,Jammu and Kashmir,Jammu,Principal District Judge
559,12,20,2,Jammu and Kashmir,Kulgam,Principal District Judge
560,12,22,2,Jammu and Kashmir,Kishtwar,Principal District Judge
561,13,1,2,Uttar Pradesh,Allahabad,District and Sessions Judge
562,13,2,2,Uttar Pradesh,Bareilly,District and  Sessions Judge
563,13,3,2,Uttar Pradesh,Gorakhpur,District and Sessions Judge
564,13,4,2,Uttar Pradesh,Hardoi,District and Session Judge
565,13,5,2,Uttar Pradesh,Chitrakoot,District and Sessions Judge
566,13,6,2,Uttar Pradesh,Meerut,District and Sessions Judge
567,13,7,2,Uttar Pradesh,Bahraich,District and Sessions Judge Bahraich
568,13,8,2,Uttar Pradesh,Ghaziabad,District Sessions Judge
569,13,9,2,Uttar Pradesh,Fatehpur,District and Session Court
570,13,10,2,Uttar Pradesh,Lakhimpur,District and Sessions Judge
571,13,10,9,Uttar Pradesh,Lakhimpur,District and Sessions Judge
572,13,11,2,Uttar Pradesh,Shravasti,District and Sessions Judge
573,13,12,2,Uttar Pradesh,Jaunpur,District  and Sessions Judge
574,13,13,2,Uttar Pradesh,Pilibhit,District and Sessions Judge
575,13,14,2,Uttar Pradesh,Mainpuri,District  Session Judge
576,3,27,1,Karnataka,CHAMRAJNAGAR,Prl. District and Sessions Judge
578,13,15,2,Uttar Pradesh,Ambedkar Nagar,District and  Sessions Judge
579,13,16,2,Uttar Pradesh,Sitapur,District and Sessions Judge
580,13,17,2,Uttar Pradesh,Auraiya,District and Sessions Judge
581,13,18,2,Uttar Pradesh,Budaun,District and Session Judge
582,13,19,2,Uttar Pradesh,Kanpur Nagar,District and Sessions Judge
583,13,20,2,Uttar Pradesh,Gautam Buddha Nagar,District and Session Judge
584,13,21,2,Uttar Pradesh,Ballia,District and Sessions Judge
585,13,23,2,Uttar Pradesh,Lalitpur,District and Sessions Judge
586,13,24,2,Uttar Pradesh,Lucknow,District and Sessions Judge Lucknow
587,13,25,2,Uttar Pradesh,Etah,District And Sessions Judge
588,13,26,2,Uttar Pradesh,Muzaffarnagar,District and Session judge
589,13,27,2,Uttar Pradesh,Varanasi,District and Sessions Judge
590,13,28,2,Uttar Pradesh,Ghazipur,District and Sessions Judge
591,13,29,2,Uttar Pradesh,Firozabad,District And Sessions Judge
592,13,30,2,Uttar Pradesh,Agra,District Judge
593,13,31,2,Uttar Pradesh,Pratapgarh,District and session judge
594,3,28,1,Karnataka,RAMANAGARAM,PRL.DISTRICT AND SESSIONS JUDGE
596,13,33,2,Uttar Pradesh,Etawah,District and Sessions Judge
597,13,34,2,Uttar Pradesh,Kushinagar,District and Sessions Court
598,13,35,2,Uttar Pradesh,Jyotiba Phule Nagar,District and Sessions Judge
599,13,36,2,Uttar Pradesh,Barabanki,District and Sessions Judge
600,13,38,2,Uttar Pradesh,Mahoba,District Session Judge
601,13,39,2,Uttar Pradesh,Banda,District and Sessions Judge
602,13,40,2,Uttar Pradesh,Kanshi Ram Nagar,District and Sessions Judge
603,13,41,2,Uttar Pradesh,Deoria,District and Sessions Judge
604,13,42,2,Uttar Pradesh,Mau,District and Sessions Judge
605,13,43,2,Uttar Pradesh,Aligarh,District and Session Judge
606,13,44,2,Uttar Pradesh,Azamgarh,District and Sessions Judge
607,13,45,2,Uttar Pradesh,Baghpat,District and Session Judge
608,13,46,2,Uttar Pradesh,Basti,District and Session Judge
609,13,47,2,Uttar Pradesh,Bijnor,District and Session Judge
610,13,47,8,Uttar Pradesh,Bijnor,Additional District and Session Judge
611,13,48,2,Uttar Pradesh,Bulandshahr,District and Sessions Court
612,13,48,9,Uttar Pradesh,Bulandshahr,Addl. District and Sessions Judge
613,13,48,11,Uttar Pradesh,Bulandshahr,Addl. District and Sessions Judge
614,13,49,2,Uttar Pradesh,Faizabad,District and session Judge Faizabad
615,13,50,2,Uttar Pradesh,Gonda,District Judge Establishment
616,3,30,1,Karnataka,YADGIR.,District and Sessions Judge
618,13,52,2,Uttar Pradesh,Maharajganj,District and Sessions Judge
619,13,53,2,Uttar Pradesh,Mathura,District and Session Judge
620,13,55,2,Uttar Pradesh,Raebareli,District and Session Judge
621,13,56,2,Uttar Pradesh,Rampur,District and Sessions Judge
622,13,57,2,Uttar Pradesh,Saharanpur,District and Sessions Judge
623,13,57,8,Uttar Pradesh,Saharanpur,Addl. District Sessions Judge
624,13,58,2,Uttar Pradesh,Shahjahanpur,District and Sessions Judge
625,13,59,2,Uttar Pradesh,Siddharthnagar,District and Session Judge
626,13,59,7,Uttar Pradesh,Siddharthnagar,Additional District and Session Judge
627,13,60,2,Uttar Pradesh,Sonbhadra,District & Session Judge
628,13,60,7,Uttar Pradesh,Sonbhadra,Additional District  and Session  Judge  Obra
629,13,61,2,Uttar Pradesh,Sultanpur,District  Sessions Judge
630,13,62,2,Uttar Pradesh,Unnao,District & session Judge
631,13,63,2,Uttar Pradesh,Farrukhabad,District & Sessions Judge
632,13,64,2,Uttar Pradesh,Hamirpur,District and Sessions Judge
633,13,65,2,Uttar Pradesh,Hathras,District and Sessions Judge
634,13,67,2,Uttar Pradesh,Balrampur,District and  Session Judge
635,13,68,2,Uttar Pradesh,Mirzapur,District and Sessions Judge
636,13,69,2,Uttar Pradesh,Kannauj,District and Sessions Judge
637,13,70,2,Uttar Pradesh,Jalaun,District and Sessions Court
638,13,71,2,Uttar Pradesh,Santkabir Nagar,District and Sessions Judge
639,13,73,1,Uttar Pradesh,Hapur,District and Session Court Hapur
640,13,74,1,Uttar Pradesh,Sambhal at Chandausi,Addl. District and Sessions Court
641,13,74,7,Uttar Pradesh,Sambhal at Chandausi,District and Sessions Court
642,13,75,1,Uttar Pradesh,Chandauli,District and Sessions Judge
643,13,76,1,Uttar Pradesh,Shamli,District and session judge
644,13,76,8,Uttar Pradesh,Shamli,Additional district and session judge
645,14,2,1,Haryana,Sirsa,District and Sessions Courts
646,14,3,1,Haryana,Ambala,District and Sessions Court
647,14,6,1,Haryana,Gurugram,District and Sessions Court
648,14,9,1,Haryana,Jind,District and Sessions Court
649,14,10,1,Haryana,Kurukshetra,District  and Sessions Court
650,14,12,1,Haryana,Rohtak,District and Sessions Court Rohtak
651,14,16,1,Haryana,Kaithal,District & Session Judge
652,14,18,1,Haryana,Panipat,District and Sessions Court Panipat
653,15,2,2,Uttarakhand,Pauri Garhwal,District and Sessions Judge
654,15,2,6,Uttarakhand,Pauri Garhwal,Addl. District and Sessions Judge
655,15,3,2,Uttarakhand,Tehri Garhwal,District and Sessions Judge
656,15,6,2,Uttarakhand,Uttarkashi,District and  Sessions Judge Uttarkashi
657,15,7,2,Uttarakhand,Almora,District and Session Judge
658,15,8,2,Uttarakhand,Chamoli,District and Sessions Judge
659,15,9,1,Uttarakhand,Haridwar,District and Sessions Judge
660,15,9,6,Uttarakhand,Haridwar,Additional District and Session Judge
661,15,13,2,Uttarakhand,Champawat,District and Sessions Judge
662,15,14,2,Uttarakhand,Bageshwar,District and Session Judge
663,15,15,2,Uttarakhand,Pithoragarh,District And Sessions Judge
664,16,1,2,West Bengal,Malda,District and Sessions Judge
665,4,10,1,Kerala,Kottayam,District and Sessions Court
667,16,2,10,West Bengal,Hooghly,ADDITIONAL DISTRICT AND SESSIONS JUDGE
668,16,2,14,West Bengal,Hooghly,ADDL. DISTRICT & SESSIONS JUDGE
669,16,4,6,West Bengal,Jalpaiguri,Additional District  and Sessions Judge
670,16,4,8,West Bengal,Jalpaiguri,Addl Dist  and Sessions Judge Court
671,16,6,2,West Bengal,Coochbehar,District and Sessions Judge 
672,16,6,13,West Bengal,Coochbehar,Additional District & Sessions Judge 
673,16,7,2,West Bengal,Paschim Medinpur,district and session judge
674,16,8,2,West Bengal,Birbhum,District and Sessions Judges
675,16,9,2,West Bengal,Purba Medinipur,District and Sessions Judge
676,16,9,6,West Bengal,Purba Medinipur,Addl. District & Session Judge
677,16,9,10,West Bengal,Purba Medinipur,Addl District and Seesion Judge
678,16,10,2,West Bengal,Purulia,District and Session Judge Purulia
679,16,11,2,West Bengal,Howrah,District and Sessions Judge
680,16,11,6,West Bengal,Howrah,Additional District And Sessions Judge
681,16,11,9,West Bengal,Howrah,Additional District Judge Uluberia
682,16,12,2,West Bengal,Murshidabad,District and Session Judge
683,16,12,6,West Bengal,Murshidabad,Addl District and Session Judge
684,4,15,19,Kerala,Kollam,District and sessions court
686,16,12,11,West Bengal,Murshidabad,Additional District and Sessions Judge
687,16,12,15,West Bengal,Murshidabad,Additional District and sessions Judge
688,16,14,3,West Bengal,North  Twenty Four Parganas,Barasat District Judge
689,16,14,13,West Bengal,North  Twenty Four Parganas,Barrackpore Addl. District &
690,16,17,2,West Bengal,Darjeeling,District and Sessions Judge Court
691,16,17,6,West Bengal,Darjeeling,Additional District  Sessions Judge 1 st Court
692,16,17,18,West Bengal,Darjeeling,Additional District and Sessions Judge
693,16,18,2,West Bengal,Purba Bardhaman,District and Sessions Judge
694,16,18,18,West Bengal,Purba Bardhaman,Additional district and Sessions Judge
695,16,19,1,West Bengal,Bankura,District and Sessions Judge 
696,16,19,5,West Bengal,Bankura,Addl. District Judge
697,16,19,9,West Bengal,Bankura,Addl. District Judge
698,16,20,1,West Bengal,South Twenty Four Parganas,District and Sessions Judge
699,16,20,5,West Bengal,South Twenty Four Parganas,Additional District Judge
700,16,20,7,West Bengal,South Twenty Four Parganas,Additional District Judge
701,16,20,11,West Bengal,South Twenty Four Parganas,Additional District and
702,16,20,16,West Bengal,South Twenty Four Parganas,Additional District Judge
703,16,20,19,West Bengal,South Twenty Four Parganas,Additional District Judge
704,16,21,1,West Bengal,North Dinajpur,District and Sessions Judge Raiganj
705,16,21,5,West Bengal,North Dinajpur,Additional District Judge Islampur
706,16,22,1,West Bengal,Nadia,Addl.District Judge
707,16,22,5,West Bengal,Nadia,District and Sessions Judge
708,16,22,15,West Bengal,Nadia,Addl.District Judge
709,16,22,16,West Bengal,Nadia,Addl. District and Sessions Judge Ranaghat
710,16,22,17,West Bengal,Nadia,Fast Track Court addl. District and Sessions judge
711,16,23,4,West Bengal,kalimpong,District and sessions Judge court
712,16,24,2,West Bengal,Paschim Bardhaman,Additional District And Session Judge
713,16,24,8,West Bengal,Paschim Bardhaman,District and Sessions Judge Court
714,17,11,1,Gujarat,GANDHINAGAR,Gandhinagar District
715,17,11,7,Gujarat,GANDHINAGAR,Kalol Additional District Court
716,17,13,1,Gujarat,Ahmedabad,AHMEDABAD DISTRICT COURT
717,17,13,18,Gujarat,Ahmedabad,ADDL DISTRICT COURT
718,17,14,1,Gujarat,SURAT,District Court
719,17,15,1,Gujarat,Mahesana,DISTRICT COURT
720,17,16,1,Gujarat,RAJKOT,DISTRICT COURT - RAJKOT
721,17,16,19,Gujarat,RAJKOT,Addl. District Court - Gondal
722,17,16,21,Gujarat,RAJKOT,Jetpur Additional Dist. Court
723,17,16,22,Gujarat,RAJKOT,Addl. District Court - Dhoraji
724,17,17,1,Gujarat,Amreli,DISTRICT AND SESSIONS COURT AMRELI
725,17,17,14,Gujarat,Amreli,ADDI DISTRICT COURT RAJULA
726,17,18,1,Gujarat,Anand,DISTRICT COURT
727,17,18,12,Gujarat,Anand,PETLAD DISTRICT COURT
728,17,19,1,Gujarat,Banaskanth at Palanpur,DISTRICT AND SESSION COURT PALANPUR
729,17,19,18,Gujarat,Banaskanth at Palanpur,ADDITIONAL DISTRICT COURT DEESA
730,17,20,1,Gujarat,Bharuch,DISTRICT COURT
731,17,20,11,Gujarat,Bharuch,Additional District Court
732,17,21,1,Gujarat,Bhavnagar,bhavnagar_district Court
733,17,22,1,Gujarat,Dahod,dahod_district
734,17,23,1,Gujarat,Jamnagar,DISTRICT AND SESSIONS COURT
735,17,24,1,Gujarat,Junagadh,DISTRICT COURT
736,17,24,19,Gujarat,Junagadh,Additional District Court Keshod
737,17,25,1,Gujarat,Kheda at Nadiad,DISTRICT COURT
738,17,26,1,Gujarat,kachchh at Bhuj,District and Sessions Court Bhuj
739,17,27,1,Gujarat,Panchmahal at Godhra,District Court
740,17,27,17,Gujarat,Panchmahal at Godhra,Addl District Court
741,17,28,1,Gujarat,Patan,DISTRICT AND SESSIONS COURT PATAN
742,17,28,13,Gujarat,Patan,ADDL. DISTRICT COURT RADHANPUR
743,17,29,1,Gujarat,Sabarkantha at Himmatnagar,DISTRICT AND SESSIONS COURT
744,17,29,18,Gujarat,Sabarkantha at Himmatnagar,ADDITIONAL DISTRICT AND SESSIONS
745,17,30,1,Gujarat,Surendranagar,District Court
746,17,30,15,Gujarat,Surendranagar,Additional District Court
747,17,31,1,Gujarat,Vadodara,vadodara_district Court
748,17,31,20,Gujarat,Vadodara,Addl District Court - Savli
749,17,32,1,Gujarat,Navsari,navsari_district Court
750,17,33,1,Gujarat,Narmada,DISTRICT COURT
751,17,34,1,Gujarat,Tapi,tapi_district Court
752,17,35,1,Gujarat,Valsad,valsad_district Court
753,17,36,1,Gujarat,Porbandar,DISTRICT AND SESSIONS COURT
754,17,37,1,Gujarat,Gir Somnath at Veraval,District Court Veraval
755,17,37,3,Gujarat,Gir Somnath at Veraval,Additional District Court Una
756,17,38,7,Gujarat,Aravalli at Modasa,Principal District Court Arvalli
757,17,39,1,Gujarat,MORBI,District  Court - Morbi
758,17,40,1,Gujarat,Devbhumi Dwarka at Khambhaliya,DISTRICT COURT DEVBHUMI DWARKA
759,17,41,1,Gujarat,Chhota Udepur,DISTRICT COURT
760,17,42,3,Gujarat,Mahisagar at Lunawada,DISTRICT COURT
761,18,1,1,Chhattisgarh,Korba,District and Sessions Judge Korba
762,18,2,1,Chhattisgarh,Bilaspur,District and Sessions Judge
763,18,3,1,Chhattisgarh,Raipur,District and Sessions Court
764,18,3,7,Chhattisgarh,Raipur,2Additional district judge Gariyaband
765,18,4,1,Chhattisgarh,Surguja,District and Sessions Court Surguja CG
766,6,3,2,Assam,Sivasagar,District and Sessions Judge Court
768,18,5,1,Chhattisgarh,Dhamtari,District and Sessions Court Dhamtari
769,18,5,7,Chhattisgarh,Dhamtari,Additional District And Sessions Camp Court
770,18,6,1,Chhattisgarh,Raigarh,District and Sessions Court Raigarh
771,18,6,5,Chhattisgarh,Raigarh,Addl District and session court
772,18,6,10,Chhattisgarh,Raigarh,Addl. District and Sessions Judge
773,18,7,1,Chhattisgarh,Durg,District and Sessions Court
774,18,9,1,Chhattisgarh,Kawardha,District and Session Judge Kabirdham
775,18,10,1,Chhattisgarh,Rajnandgaon,District And Sessions Judge Rajnandgaon
776,18,10,4,Chhattisgarh,Rajnandgaon,Additional District And Sessions Court
777,18,10,6,Chhattisgarh,Rajnandgaon,Additional District And Sessions
778,18,11,1,Chhattisgarh,Koriya,District and Sessions judge
779,18,11,4,Chhattisgarh,Koriya,Add. District  And Sessions Judge Manendragarh
780,18,12,1,Chhattisgarh,Mahasamund,District and Sessions Court Mahasamund
781,18,12,4,Chhattisgarh,Mahasamund,Additional District and Sessions court
782,18,13,1,Chhattisgarh,Kanker,District And Sessions Judge
783,18,13,3,Chhattisgarh,Kanker,Additional District And Session Judge
784,18,16,1,Chhattisgarh,Jashpur,District And Sessions Judge Jashpur
785,18,16,3,Chhattisgarh,Jashpur,Additional District and Sessions Judge Kunkuri
786,18,16,9,Chhattisgarh,Jashpur,Additional District Judge Pathalgaon
787,18,17,1,Chhattisgarh,Dantewada,District and Sessions Court
788,18,18,1,Chhattisgarh,Janjgir,DISTRICT AND SESSION COURT JANJGIR
789,18,18,5,Chhattisgarh,Janjgir,ADD. DISTRICT AND SESSION COURT SAKTI
790,18,19,1,Chhattisgarh,Balod,District and Sessions Court
791,18,20,1,Chhattisgarh,Bemetara,District and Sessions Court
792,18,21,3,Chhattisgarh,Surajpur,District and Sessions Judge Surajpur
793,18,22,1,Chhattisgarh,Kondagaon,District And Sessions Court Kondagaon
794,18,23,1,Chhattisgarh,Balodabazar,DISTRICT AND SESSION JUDGE EST.
795,18,23,5,Chhattisgarh,Balodabazar,DISTRICT AND SESSION JUDGE EST.
796,18,25,3,Chhattisgarh,Balrampur Ramanujganj,Distt and Sessions Court
797,19,2,2,Mizoram,Lunglei,District Judge & Addl. Dist. Judges
798,20,1,4,Tripura,West Tripura,District and Sessions Judge
799,20,5,6,Tripura,Unakoti  Tripura,Addl District And Sessions Judge Court
800,20,6,2,Tripura,Gomati District,District Court
801,20,9,1,Tripura,Sepahijala Tripura,District and Sessions Judge
802,20,9,7,Tripura,Sepahijala Tripura,Addl. District and Sessions Judge
803,20,10,1,Tripura,Khowai Tripura,District and Sessions Judge Establishment
804,20,11,5,Tripura,Dhalai Tripura,Addl District And Sessions Judge Court
805,20,11,8,Tripura,Dhalai Tripura,District and Sessions Judge Establishment
806,21,1,2,Meghalaya,East Khasi Hills,District  Sessions Judge Shillong
807,21,1,3,Meghalaya,East Khasi Hills,Asst District Judge
808,21,2,1,Meghalaya,West Garo Hills,District and Sessions Judge Tura
809,21,3,3,Meghalaya,West Jaintia Hills,District and Session Court
810,21,4,1,Meghalaya,East Garo Hills,District and Sessions Judge Williamnagar
811,21,5,2,Meghalaya,Ri Bhoi,District and Sessions Judge Nongpoh
812,22,1,1,Punjab,Ludhiana,District and Sessions Courts
813,22,2,1,Punjab,Jalandhar,DISTRICT AND SESSIONS COURT JALANDHAR
814,22,4,1,Punjab,Fatehgarh Sahib,District and Sessions Court
815,22,9,1,Punjab,Faridkot,District and Sessions Courts
816,22,11,1,Punjab,Kapurthala,District and Sessions Courts
817,22,15,1,Punjab,SBS Nagar,DISTRICT and SESSIONS COURT SBS NAGAR
818,22,17,1,Punjab,Bathinda,District and Sessions Courts
819,22,18,3,Punjab,Hoshiarpurr,DISTRICT AND SESSIONS COURT HOSHIARPUR
820,22,19,1,Punjab,Sangrur,District and Sessions Court
821,22,21,1,Punjab,Pathankot,DISTRICT AND SESSIONS COURTS
822,22,24,1,Punjab,Mohali,District and Sessions Courts
823,22,26,1,Punjab,Fazilka,District and Sessions Courts
824,23,1,1,Madhya Pradesh,Jabalpur,DISTRICT AND SESSIONS COURT JABALPUR MP
825,23,2,1,Madhya Pradesh,Narsinghpur,DISTRICT AND SESSIONS COURT NARSINGHPUR
826,23,3,1,Madhya Pradesh,Hoshangabad,DISTRICT AND SESSION COURT HOSHANGABAD MP
827,23,3,7,Madhya Pradesh,Hoshangabad,LINK COURT PACHMARI DISTRICT HOSHANGABAD
828,23,4,1,Madhya Pradesh,Harda,DISTRICT AND SESSIONS COURT HARDA MP
829,23,5,1,Madhya Pradesh,Umaria,DISTRICT AND SESSIONS COURT UMARIA
830,23,6,1,Madhya Pradesh,Dindori,DISTRICT AND SESSIONS COURT DINDORI
831,23,7,1,Madhya Pradesh,Panna,DISTRICT AND SESSIONS COURT PANNA MP
832,23,8,1,Madhya Pradesh,Alirajpur,DISTRICT AND SESSIONS COURT ALIRAJPUR MP
833,23,9,1,Madhya Pradesh,Jhabua,DISTRICT AND SESSIONS COURT JHABUA MP
834,23,10,1,Madhya Pradesh,Khandwa,DISTRICT AND SESSIONS COURT KHANDWA MP
835,23,11,1,Madhya Pradesh,Shahdol,DISTRICT AND SESSIONS COURT SHAHDOL MP
836,6,20,8,Assam,Barpeta,Addl. District and Sessions Judge
838,23,12,1,Madhya Pradesh,Sheopur,DISTRICT AND SESSIONS COURT SHEOPUR MP
839,23,13,1,Madhya Pradesh,Datia,DISTRICT AND SESSIONS COURT DATIA MP
840,23,14,1,Madhya Pradesh,Rajgarh,DISTRICT AND SESSIONS COURT RAJGARH MP
841,23,15,1,Madhya Pradesh,Morena,DISTRICT AND SESSIONS COURT MORENA MP
842,23,16,1,Madhya Pradesh,Mandleshwar,DISTRICT AND SESSIONS COURT MANDLESHWAR MP
843,23,17,1,Madhya Pradesh,Neemuch,DISTRICT AND SESSIONS COURT NEEMUCH MP
844,23,18,1,Madhya Pradesh,Barwani,DISTRICT AND SESSIONS COURT BARWANI MP
845,23,19,1,Madhya Pradesh,Shajapur,DISTRICT AND SESSIONS COURT SHAJAPUR MP
846,23,20,1,Madhya Pradesh,Chhindwara,DISTRICT AND SESSIONS COURT CHHINDWARA MP
847,23,21,1,Madhya Pradesh,Sidhi,DISTRICT AND SESSIONS COURT SIDHI MP
848,23,22,1,Madhya Pradesh,Anuppur,DISTRICT AND SESSIONS COURT ANUPPUR MP
849,23,23,1,Madhya Pradesh,Shivpuri,DISTRICT AND SESSIONS COURT SHIVPURI MP
850,23,24,1,Madhya Pradesh,Raisen,DISTRICT AND SESSIONS COURT RAISEN MP
851,23,25,1,Madhya Pradesh,Sehore,DISTRICT AND SESSIONS COURT SEHORE MP
852,23,26,1,Madhya Pradesh,Balaghat,DISTRICT AND SESSIONS COURT BALAGHAT MP
853,23,27,1,Madhya Pradesh,Damoh,DISTRICT AND SESSIONS COURT DAMOH MP
854,23,28,1,Madhya Pradesh,Vidisha,DISTRICT AND SESSIONS COURT VIDISHA MP
855,23,29,1,Madhya Pradesh,Bhind,DISTRICT AND SESSIONS COURT BHIND MP
856,23,30,1,Madhya Pradesh,Guna,DISTRICT AND SESSIONS COURT GUNA MP
857,23,31,1,Madhya Pradesh,Singrauli,DISTRICT AND SESSIONS COURT SINGRAULI MP
858,23,32,1,Madhya Pradesh,Satna,DISTRICT AND SESSIONS COURT SATNA MP
859,23,33,1,Madhya Pradesh,Seoni,DISTRICT AND SESSIONS COURT SEONI MP
860,23,34,1,Madhya Pradesh,Katni,DISTRICT AND SESSIONS COURT KATNI MP
861,23,35,1,Madhya Pradesh,Mandsaur,DISTRICT AND SESSIONS COURT MANDSAUR MP
862,23,36,1,Madhya Pradesh,Tikamgarh,DISTRICT AND SESSIONS COURT TIKAMGARH MP
863,23,37,1,Madhya Pradesh,Betul,DISTRICT AND SESSIONS COURT BETUL MP
864,23,38,1,Madhya Pradesh,Dhar,DISTRICT AND SESSIONS COURT DHAR MP
865,23,39,1,Madhya Pradesh,Chhatarpur,DISTRICT AND SESSIONS COURT CHHATARPUR MP
866,23,40,1,Madhya Pradesh,Dewas,DISTRICT AND SESSIONS COURT DEWAS MP
867,23,41,1,Madhya Pradesh,Mandla,DISTRICT AND SESSIONS COURT MANDLA MP
868,23,42,1,Madhya Pradesh,Ratlam,DISTRICT AND SESSIONS COURT RATLAM MP
869,23,43,1,Madhya Pradesh,Sagar,DISTRICT AND SESSIONS COURT SAGAR MP
870,23,44,1,Madhya Pradesh,Gwalior,DISTRICT AND SESSIONS COURT GWALIOR MP
871,23,45,1,Madhya Pradesh,Ujjain,DISTRICT AND SESSIONS COURT UJJAIN MP
872,23,46,1,Madhya Pradesh,Rewa,DISTRICT AND SESSIONS COURT REWA MP
873,23,47,1,Madhya Pradesh,Indore,DISTRICT AND SESSIONS COURT INDORE
874,23,48,1,Madhya Pradesh,Ashoknagr,DISTRICT AND SESSIONS COURT ASHOKNAGAR MP
875,23,49,1,Madhya Pradesh,Burhanpur,DISTRICT AND SESSIONS COURT BURHANPUR MP
876,23,50,1,Madhya Pradesh,Bhopal,DISTRICT AND SESSIONS COURT BHOPAL
877,24,1,2,Sikkim,Namchi,ESTABLISHMENT OF DISTRICT AND SESSIONS JUDGE (S)
878,25,1,1,Manipur,Imphal East,Court of District and Session
879,25,2,1,Manipur,Imphal West,Court of District and  Session Judge
880,25,6,1,Manipur,Churachandpur,District and Sessions Judge
881,26,1,1,Delhi,North East,District and Sessions Judge
882,26,2,1,Delhi,Shahdara,District and Sessions Judge
883,26,3,1,Delhi,East,District and Sessions Judge
884,26,4,1,Delhi,North,District and Sessions Judge
885,26,5,1,Delhi,North West,District and Sessions Judge
886,26,6,1,Delhi,South West,District and Sessions Judge
887,26,7,1,Delhi,New Delhi,District and Sessions Judge
888,26,8,1,Delhi,Central,District and Sessions Judge
889,26,9,1,Delhi,West,District and Sessions Judge
890,26,10,1,Delhi,South,District and Sessions Judge
891,26,11,1,Delhi,South East,District and Sessions Judge
892,27,1,1,Chandigarh,Chandigarh,DISTRICT AND SESSIONS COURT CHANDIGARH
893,29,1,1,Telangana,Adilabad,District and Sessions Courts
894,29,1,10,Telangana,Adilabad,IIIADDITIONAL DISTRICT AND SESSIONS COURT
895,29,3,1,Telangana,Karimnagar,Prl. District and Sessions Court
896,29,3,16,Telangana,Karimnagar,II Addl District and Sessions court Jagtial
897,29,3,24,Telangana,Karimnagar,IX Addl District and Sessions Court Sircilla
898,29,4,1,Telangana,Khammam,Prl  District and Sessions Judge
899,29,4,10,Telangana,Khammam,V Addl. District and Sessions Judge FTC
900,29,5,1,Telangana,Mahabubnagar,Prl.District Court
901,29,5,18,Telangana,Mahabubnagar,III Addl District and Sessions Court FTC
902,29,5,24,Telangana,Mahabubnagar,Additional District and Sessions Court
903,29,5,25,Telangana,Mahabubnagar,IV Addl DistandSessoins Court FTC
904,29,6,1,Telangana,Medak,Prl Dist and Sessions Court  Medak at Sangareddy
905,29,6,11,Telangana,Medak,IV Addl District and Sessions Court
906,29,6,12,Telangana,Medak,VIII ADDL DISTRICT AND SESSIONS JUDGE MEDAK
907,29,7,8,Telangana,Nalgonda,V Addl District and Sessions Judge Court
908,29,7,24,Telangana,Nalgonda,II Addl District Judge Court Suryapet
909,29,8,2,Telangana,Nizamabad,VII Addl Dist Sessions Court Bodhan
910,29,8,13,Telangana,Nizamabad,Prl. District And Sessions Judge Court
911,29,8,14,Telangana,Nizamabad,IX Addl District and Sessions Judge Court
912,29,9,1,Telangana,Rangareddy,Prl.District and Sessions Court
913,29,9,15,Telangana,Rangareddy,XII Additional District And Sessions Court
914,29,9,27,Telangana,Rangareddy,Addl District and Sessions Court
915,29,10,1,Telangana,Warangal,District Courts
916,29,10,8,Telangana,Warangal,VI Addl District and Session Judge Mahabubabad
917,29,10,15,Telangana,Warangal,V Addl  District Court
918,30,1,1,Goa,North Goa,DISTRICT AND SESSIONS COURT PANAJI
919,30,2,1,Goa,South Goa,DISTRICT AND SESSIONS COURT MARGAO
920,31,1,1,Diu and Daman,Diu,DISTRICT AND SESSIONS COURT
921,31,2,1,Diu and Daman,Daman,DISTRICT AND SESSIONS COURT
922,32,1,1,DNH at Silvasa,Silvassa,PRINCIPAL DISTRICT AND SESSIONS COURT AT
923,1,3,20,Maharashtra,Jalgaon,District and Additional Session Court
924,2,3,23,Andhra Pradesh,Chittoor,XI Addl.District Court Complex
925,2,11,28,Andhra Pradesh,Krishna,XVI Addl  District Judges Court
926,3,3,10,Karnataka,VIJAYAPURA,VACATION DISTRICT JUDGE.
927,3,19,11,Karnataka,KOLAR,VACATION DISTRICT JUDGE
928,6,2,9,Assam,Tinsukia,Addl. District and Sessions Judge
929,9,2,48,Rajasthan,Alwar,POCSO-Alwar District HQ
930,9,27,15,Rajasthan,Balotra Barmer,POCSO-Balotra District HQ
931,9,35,34,Rajasthan,Sikar,POCSO SIKAR DISTRICT HQ
932,14,1,1,Haryana,Karnal,District and Sessions Courts
933,14,4,12,Haryana,Bhiwani,DISTRICT AND SESSIONS COURTS
934,15,9,13,Uttarakhand,Haridwar,Additional District and Sessions Judge
935,1,19,14,Maharashtra,Aurangabad,DISTRICT AND ADDITIONAL SESSIONS COURT
936,1,26,24,Maharashtra,Ahmednagar,24DISTRICT  AND SESSIONS COURT NEWASA
937,3,1,28,Karnataka,BELAGAVI,Vacation District Court
938,3,5,11,Karnataka,BIDAR,VACATION DISTRICT JUDGE  BIDAR
939,3,7,9,Karnataka,KOPPAL,Vacation District Court
940,5,9,3,Himachal Pradesh,Kinnaur,District & Sessions judge
941,9,14,44,Rajasthan,Ajmer,COMMERCIAL COURT-Ajmer District HQ
942,12,16,2,Jammu and Kashmir,Leh,Principal District Judge
943,12,17,2,Jammu and Kashmir,Kargil,Principal District Judge
944,18,24,1,Chhattisgarh,Mungeli,District and Sessions Court Mungeli
945,29,1,25,Telangana,Adilabad,VII Addl. District and Sessions Judge Court
946,33,1,2,Ladakh,Kargil,Principal District Judge
947,33,2,2,Ladakh,Leh,Principal District Judge
948,4,2,47,Kerala,Ernakulam,ADDL. DISTRICT  AND SESSIONS COURT
949,4,5,38,Kerala,Kozhikode,Additional District Court (POCSO Act )
950,6,9,10,Assam,Bongaigaon,Additional District and Sessions Judge
951,6,28,1,Assam,Dima Hasao,District and Sessions Judge
952,9,7,48,Rajasthan,Ganganagar,POCSO -Sri Ganganagar District HQ
953,9,19,39,Rajasthan,Pali,POCSO-PALI DISTRICT HQ
954,9,28,22,Rajasthan,Jodhpur Metro,POCSO-Jodhpur Metro District HQ
955,9,29,18,Rajasthan,Karauli,POCSO-Karauli District HQ
956,9,32,13,Rajasthan,Jaiselmer,POCSO-Jaisalmer District HQ
957,9,38,26,Rajasthan,Jaipur District,POCSO Jaipur District HQ
958,11,21,7,Orissa,Rayagada,Additional District Judge
959,15,16,1,Uttarakhand,Rudraprayag,DISTRICT & SESSIONS JUDGE
960,16,6,10,West Bengal,Coochbehar,Addl. District & Sessions Judge 
961,22,23,1,Punjab,Tarn Taran,District and Sessions Courts
962,24,3,4,Sikkim,Gyalshing,ESTABLISHMENT OF DISTRICT AND SESSIONS JUDGE
963,25,3,1,Manipur,Bishnupur,Court of District and Session
964,25,4,1,Manipur,Thoubal,Court of District and Sessions Judge
965,29,1,20,Telangana,Adilabad,VI Addl. District and Sessions Judge
966,29,1,23,Telangana,Adilabad,II Addl. Dist. and Sessions FTC Court Mancherial
967,1,8,11,Maharashtra,Wardha,DISTRICT AND SESSIONS COURT
968,1,25,24,Maharashtra,Pune,ADDL. DISTRICT COURT
969,1,30,21,Maharashtra,Solapur,Additional District Court
970,6,25,1,Assam,Chirang,District And Session Judge Establishment
971,9,6,25,Rajasthan,Bikaner,POCSO Bikaner District HQ
972,9,21,15,Rajasthan,Jalore,POCSO-Jalore District HQ
973,9,27,22,Rajasthan,Balotra Barmer,FC-Balotra District HQ
974,9,33,27,Rajasthan,Churu,POCSO-CHURU District HQ
975,10,32,31,Tamil Nadu,Tiruvallur,Special District Court for MCOP Cases
976,11,27,13,Orissa,Anugul,Addl.District and Sessions Judge
977,16,6,17,West Bengal,Coochbehar,Additional District and Sessions Judge
978,16,22,9,West Bengal,Nadia,Addl. District Judge
979,17,19,19,Gujarat,Banaskanth at Palanpur,Additional District Court  DEODAR
980,17,43,1,Gujarat,BOTAD,botad_district
981,21,7,1,Meghalaya,West Khasi Hills,District And Sessions Judge
982,24,2,4,Sikkim,Mangan,ESTABLISHMENT OF DISTRICT AND SESSIONS JUDGE NORTH
983,25,5,1,Manipur,Senapati,Court of District and Sessions
984,4,15,21,Kerala,Kollam,Addl.District and Sessions Court-III
985,9,13,32,Rajasthan,Bharatpur,POCSO-Bharatpur District HQ
986,9,38,27,Rajasthan,Jaipur District,ADJ-dudu
987,22,13,1,Punjab,Mansa,District and Sessions Courts
988,9,5,28,Rajasthan,Tonk,POCSO-Tonk District HQ
989,9,11,26,Rajasthan,Hanumangarh,POCSO-Hanumangarh District HQ
990,10,7,22,Tamil Nadu,Kanniyakumari,Additional District Court
991,3,7,11,Karnataka,KOPPAL,Addl District and Sessions Court
992,11,23,9,Orissa,Kandhamal,Addl.District & Sessions Judge
993,14,11,1,Haryana,Narnaul,District and Sessions Courts
994,23,20,5,Madhya Pradesh,Chhindwara,ADD. DISTRICT AND SESSION COURT CHORAI
995,6,24,4,Assam,Udalguri,Additional District And Sessions Judge
996,9,1,32,Rajasthan,Rajsamand,POCSO-Rajsamand District HQ
997,9,8,42,Rajasthan,Merta (Nagaur),POCSO-Merta District HQ
998,9,9,49,Rajasthan,Udaipur,POCSO-Udaipur District HQ
999,9,12,28,Rajasthan,Baran,POCSO-Baran District HQ
1000,9,14,45,Rajasthan,Ajmer,POCSO-Ajmer District HQ
1001,9,22,29,Rajasthan,Jhalawar,POCSO - Jhalawar District HQ
1002,9,23,14,Rajasthan,Pratapgarh,POCSO-PRATAPGARH DISTRICT HQ
1003,9,24,17,Rajasthan,Dungarpur,POCSO-Dungarpur District HQ
1004,9,26,25,Rajasthan,Sirohi,POCSO-Sirohi District HQ
1005,9,30,38,Rajasthan,Chittorgarh,POCSO-Chittorgarh District HQ
1006,9,31,42,Rajasthan,Bhilwara,POCSO- Bhilwara District HQ
1007,9,34,16,Rajasthan,Dholpur,POCSO-Dholpur District HQ
1008,9,38,38,Rajasthan,Jaipur District,ADJ - Chomu
1009,9,39,25,Rajasthan,Jodhpur District,POCSO-Jodhpur District HQ
1010,10,31,15,Tamil Nadu,Kancheepuram,District Munsif
1011,15,7,10,Uttarakhand,Almora,Additional District Judge Ranikhet
1012,17,19,23,Gujarat,Banaskanth at Palanpur,ADDITIONAL DISTRICT COURT
1013,9,21,2,Rajasthan,Jalore,DJ - Jalore District HQ
1015,10,5,4,Tamil Nadu,Namakkal,Principal District Judge
1017,10,5,7,Tamil Nadu,Namakkal,Principal District Munsif
1019,10,8,17,Tamil Nadu,Tiruchirappalli,Special District Court MCOP cases
1021,10,10,19,Tamil Nadu,Viluppuram,Special District Court VIllupuram
1023,10,12,26,Tamil Nadu,Salem,District Munsif
1025,10,17,1,Tamil Nadu,Thanjavur,PRINCIPAL DISTRICT COURT
1027,10,18,5,Tamil Nadu,Coimbatore,principal district court
1029,10,26,12,Tamil Nadu,Krishnagiri,Special District Court for MCOP
1031,10,29,1,Tamil Nadu,Sivagangai,DISTRICT COURT
1033,10,32,3,Tamil Nadu,Tiruvallur,Additional District and Sessions Judge
1035,10,32,10,Tamil Nadu,Tiruvallur,District Munsif Judge
1037,10,32,17,Tamil Nadu,Tiruvallur,Principal District Munsif Court
1039,10,32,22,Tamil Nadu,Tiruvallur,Additional District and Sessions Court-III
1041,11,23,2,Orissa,Kandhamal,District & Sessions Judge
1043,11,24,2,Orissa,Boudh,District & Sessions Judge
1045,12,21,2,Jammu and Kashmir,Samba,Principal District Judge
1047,13,22,2,Uttar Pradesh,Bhadohi SR Nagar,District and Session Judge
1049,13,51,2,Uttar Pradesh,Kanpur Dehat,District & Session Judge
1051,13,54,2,Uttar Pradesh,Moradabad,District & Session Court Moradabad
1053,13,66,2,Uttar Pradesh,Jhansi,District & Sessions Judge
1055,14,5,1,Haryana,Faridabad,District and Sessions Courts
1057,14,7,2,Haryana,Hisar,District and Sessions Courts
1059,14,8,1,Haryana,Jhajjar,District and Sessions Courts
1061,14,13,1,Haryana,Sonepat,District and Sessions Judge Sonipat
1063,14,14,1,Haryana,Panchkula,DISTRICT AND  SESSIONS COURT PANCHKULA
1065,14,15,1,Haryana,Fatehabad,District  and Sessions Courts
1067,14,17,1,Haryana,Rewari,District and Sessions Courts
1069,16,2,3,West Bengal,Hooghly,DISTRICT SESSION JUDGE
1071,16,2,7,West Bengal,Hooghly,ADDITIONAL DISTRICT & SESSIONS JUDGE
1073,16,4,2,West Bengal,Jalpaiguri,District & Session Judge
1075,16,6,6,West Bengal,Coochbehar,Addl. District & Sessions Judge 
1077,16,12,8,West Bengal,Murshidabad,Additional District & Session Judge
1079,18,15,1,Chhattisgarh,Bastar,District Court Bastar at Jagdalpur
1081,20,2,6,Tripura,North Tripura,District And Sessions Judge
1083,20,3,9,Tripura,SouthTripura,District Judge Court
1085,20,5,2,Tripura,Unakoti  Tripura,The District and Sessions Judge
1087,22,3,1,Punjab,Rupnagar,District and Sessions Court
1089,22,16,1,Punjab,Barnala,District & Sessions Court
1091,24,4,2,Sikkim,Gangtok,District and  Sessions Court
1093,29,9,26,Telangana,Rangareddy,Addl District and Sessions Court
1095,9,31,17,Rajasthan,Bhilwara,LABOUR BHILWARA DISTRICT HQ
