state_code,state_name,district_name,dist_code,court_no,court_name
1,Maharashtra,Nandurbar,1,3,DISTRICT AND SESSIONS COURT
1,Maharashtra,Nandurbar,1,7,Additional District  And Sessions Court Shahada
1,Maharashtra,Dhule,2,1,DISTRICT AND SESSIONS COURT
1,Maharashtra,Jalgaon,3,2,DISTRICT AND SESSIONS COURT JALGAON
1,Maharashtra,Jalgaon,3,5,DISTRICT COURT 1 AND ADDL. SESSIONS COURT
1,Maharashtra,Buldhana,4,1,DISTRICT COURT
1,Maharashtra,Buldhana,4,9,DIST.JUDGE-I  ADDITIONAL SESSIONS JUDGE
1,Maharashtra,Buldhana,4,14,District Judge and Addl. Sessions Judge
1,Maharashtra,Akola,5,1,Principal District and Sessions Judge
1,Maharashtra,Akola,5,5,District Judge - 1
1,Maharashtra,Amravati,7,1,DISTRICT  AND SESSIONS COURT AMRAVATI
1,Maharashtra,Amravati,7,6,COURT OF DISTRICT JUDGE-1 ACHALPUR
1,Maharashtra,Wardha,8,1,DISTRICT AND SESSIONS COURT WARDHA.
1,Maharashtra,Nagpur,9,1,DISTRICT  AND  SESSIONS COURT NAGPUR
1,Maharashtra,Bhandara,10,1,DISTRICT  SESSIONS COURT BHANDARA
1,Maharashtra,Gondia,11,3,DISTRICT COURT
1,Maharashtra,Gadchiroli,12,1,DISTRICT AND SESSIONS COURT GADCHIROLI.
1,Maharashtra,Chandrapur,13,1,DISTRICT AND SESSIONS COURT CHANDRAPUR MAH.
1,Maharashtra,Chandrapur,13,13,District Judge-1 and ASJ Warora
1,Maharashtra,Yavatmal,14,1,District and Sessions Court
1,Maharashtra,Yavatmal,14,6,Court of District Judge-1 and A.S.J. Darwha
1,Maharashtra,Yavatmal,14,12,DISTRICT JUDGE-1 And ADDL. SESSIONS JUDGE
1,Maharashtra,Yavatmal,14,17,DISTRICT  SESSIONS COURT PUSAD
1,Maharashtra,Nanded,15,2,DISTRICT  AND SESSIONS COURT NANDED
1,Maharashtra,Nanded,15,16,DIST. JUDGE-1  ADDL. SESSIONS JUDGE BILOLI
1,Maharashtra,Nanded,15,20,COURT OF DISTRICT JUDGE-1 BHOKAR
1,Maharashtra,Nanded,15,23,District Judge -1 Kandhar Camp at Mukhed
1,Maharashtra,Parbhani,17,1,DISTRICT  SESSIONS COURT PARBHANI.
1,Maharashtra,Parbhani,17,4,District Judge 1 and Addl.Sessions Court
1,Maharashtra,Parbhani,17,7,District Judge 1 and Addl.Sessions Court
1,Maharashtra,Parbhani,17,10,District Judge 1 and Addl.Sessins Court
1,Maharashtra,Jalna,18,1,District  and Sessions Court Jalna
1,Maharashtra,Aurangabad,19,4,DISTRICT AND SESSIONS COURT AURANGABAD.
1,Maharashtra,Nashik,20,1,DISTRICT AND SESSIONS COURT NASHIK.
1,Maharashtra,Nashik,20,7,DISTRICT COURT
1,Maharashtra,Nashik,20,9,ADDITIONAL DISTRICT AND SESSIONS COURT
1,Maharashtra,Thane,21,1,DISTRICT AND SESSIONS COURT
1,Maharashtra,Thane,21,23,District Judge-1
1,Maharashtra,Thane,21,25,ADDL.DIST.  SESSIONS COURT KALYAN
1,Maharashtra,Thane,21,28,ADDIL. DISTRICT AND SESSEIONS COURT PALGHAR
1,Maharashtra,Raigad,24,1,DISTRICT COURT RAIGAD-ALIBAG
1,Maharashtra,Raigad,24,14,DISTRICT AND ADDITIONAL SESSIONS COURT MANGAON
1,Maharashtra,Pune,25,1,DISTRICT AND SESSIONS COURT PUNE MAHARASHTRA
1,Maharashtra,Pune,25,4,ADDITIONAL DISTRICT AND SESSIONS COURT BARAMATI
1,Maharashtra,Ahmednagar,26,1,District and Sessions Court
1,Maharashtra,Ahmednagar,26,9,District  And Sessions Court
1,Maharashtra,Ahmednagar,26,20,DISTRICT  SESSIONS COURT SHRIRAMPUR
1,Maharashtra,Beed,27,1,DIST.AND SESSION COURT BEED
1,Maharashtra,Beed,27,9,DISTRICT JUDGE-1  ADDL.SESSIONS COURT AMBAJOGAI.
1,Maharashtra,Beed,27,13,DIST JUDGE-1 AND ADDL. SESSIONS JUDGE MAJALGAON
1,Maharashtra,Latur,28,1,District  and Sessions Court
1,Maharashtra,Latur,28,11,Additional District  Addl. Sessions Court Udgir
1,Maharashtra,Latur,28,12,Additional District and Sessions Court Nilanga
1,Maharashtra,Latur,28,13,Additional District and Sessions Court
1,Maharashtra,Osmanabad,29,1,PRINCIPAL DISTRICT  AND SESSIONS COURT
1,Maharashtra,Osmanabad,29,6,COURT OF THE DIST. JUDGE-1
1,Maharashtra,Osmanabad,29,15,DISTRICT  AND ADDITIONAL SESSIONS JUDGE BHOOM
1,Maharashtra,Solapur,30,1,DISTRICT COURT SOLAPUR
1,Maharashtra,Solapur,30,12,District and Sessions Court
1,Maharashtra,Solapur,30,17,District Court
1,Maharashtra,Satara,31,1,DISTRICT  SESSIONS COURT SATARA.
1,Maharashtra,Satara,31,7,ADDITIONAL DISTRICT AND SESSIONS JUDGE KARAD
1,Maharashtra,Satara,31,17,District and Sessions Court
1,Maharashtra,Ratnagiri,32,1,PRINCIPAL DISTRICT  SESSIONS JUDGE RATNAGIRI.
1,Maharashtra,Ratnagiri,32,8,District Court-1 Addl. Session Court
1,Maharashtra,Sindhudurg,33,1,District and Sessions Court Sindhudurg
1,Maharashtra,Kolhapur,34,1,DISTRICT AND SESSIONS COURT KOLHAPUR
1,Maharashtra,Kolhapur,34,7,DISTRICT JUDGE-1  ADDL SESSIONS COURT
1,Maharashtra,Kolhapur,34,11,DISTRICT COURT
1,Maharashtra,Kolhapur,34,12,District Court 1 and ASJ Jaysingpur
1,Maharashtra,Sangli,35,9,DISTRICT AND ADDITIONAL SESSIONS COURT ISLAMPUR
1,Maharashtra,Sangli,35,13,DISTRICT AND SESSIONS COURT SANGLI
1,Maharashtra,Washim,36,1,Principal District and Sessions Court
1,Maharashtra,Washim,36,9,Additional District and Sessions Court
1,Maharashtra,Mah State Cooperative Appellat,41,17,THE DISTRICT CO-OPERATIVE
2,Andhra Pradesh,Ananthapur,2,1,District Court Complex
2,Andhra Pradesh,Ananthapur,2,16,II Addl.District Judges Court
2,Andhra Pradesh,Ananthapur,2,26,VI Addl.District Judge Court
2,Andhra Pradesh,Chittoor,3,1,PRINCIPAL DISTRICT AND SESSIONS JUDGE
2,Andhra Pradesh,Chittoor,3,5,ADDITIONAL DISTRICT JUDGE
2,Andhra Pradesh,Chittoor,3,19,II Additional District Court
2,Andhra Pradesh,East Godavari,4,1,Prl. District Court
2,Andhra Pradesh,East Godavari,4,3,III Addl. District And Sessions Court
2,Andhra Pradesh,East Godavari,4,6,II Addl. Dist. and Sessions Court
2,Andhra Pradesh,East Godavari,4,22,XII Addl. District and Sessions Judges
2,Andhra Pradesh,East Godavari,4,34,VII ADDL. DISTRICT AND SESSIONS COURT
2,Andhra Pradesh,Guntur,5,1,District Court
2,Andhra Pradesh,Guntur,5,17,DISTRICT COURT TENALI
2,Andhra Pradesh,Guntur,5,23,Addl District Judges Court
2,Andhra Pradesh,Guntur,5,32,X ADDL. DISTRICT COURT
2,Andhra Pradesh,Kadapa,7,1,District and Sessions Courts
2,Andhra Pradesh,Kadapa,7,14,V Additional District Judge Court
2,Andhra Pradesh,Kadapa,7,15,II Additional District  Court
2,Andhra Pradesh,Kadapa,7,27,III Additional District Judge Court
2,Andhra Pradesh,Kurnool,10,1,Prl.District and Sessions Court
2,Andhra Pradesh,Kurnool,10,6,II ADDITIONAL DISTRICT JUDGE
2,Andhra Pradesh,Kurnool,10,15,III Addl.District Court Complex
2,Andhra Pradesh,Kurnool,10,30,V Addl.District Court Complex
2,Andhra Pradesh,Krishna,11,1,II Additional District Judge
2,Andhra Pradesh,Krishna,11,6,Prl. District Court
2,Andhra Pradesh,Krishna,11,19,XI Addl District Court
2,Andhra Pradesh,Krishna,11,23,XV ADDITIONAL DISTRICT AND SESSIONS COURT
2,Andhra Pradesh,Nellore,15,1,District and Sessions Courts
2,Andhra Pradesh,Nellore,15,10,VII Addl. District and Session Court
2,Andhra Pradesh,Prakasham,17,1,PRL. DISTRICT JUDGE COURT
2,Andhra Pradesh,Prakasham,17,22,VI Addl District and Sessions Court
2,Andhra Pradesh,Srikakulam,19,1,Prl. District Court
2,Andhra Pradesh,Srikakulam,19,13,VI Addl.District and Sessions Judge Court
2,Andhra Pradesh,Visakapatnam,20,1,PRINCIPAL DISTRICT  AND SESSIONS JUDGE
2,Andhra Pradesh,Visakapatnam,20,6,X Addl District and Session Judges Court
2,Andhra Pradesh,Visakapatnam,20,10,XIII ADDITIONAL DISTRICT JUDGE COURT AT
2,Andhra Pradesh,Visakapatnam,20,24,Additional District Court
2,Andhra Pradesh,Vizianagaram,21,1,PRINCIPAL DISTRICT JUDGE COURT
2,Andhra Pradesh,Vizianagaram,21,17,II Additional District and Sessions Court
2,Andhra Pradesh,West Godavari,23,1,Principal District and Sessions Court
2,Andhra Pradesh,West Godavari,23,6,III ADDL DISTRICT COURT BHIMAVARAM
2,Andhra Pradesh,West Godavari,23,13,X ADDL DISTRICT COURT NARSAPUR
2,Andhra Pradesh,West Godavari,23,20,IX Additional District and Sessions
2,Andhra Pradesh,West Godavari,23,23,ADDITIONAL DISTRICT COURT TANUKU
3,Karnataka,BELAGAVI,1,1,Prl.  District and Session Judge
3,Karnataka,BAGALKOT,2,1,PRL. DISTRICT AND SESSION JUDGE
3,Karnataka,VIJAYAPURA,3,1,PRL. DISTRICT AND SESSIONS COURT
3,Karnataka,KALABURAGI,4,1,Prl Dist and Sessions Court Kalaburagi
3,Karnataka,BIDAR,5,1,District and Sessions Court
3,Karnataka,RAICHUR,6,1,PRL DISTRICT AND SESSIONS JUDGE
3,Karnataka,KOPPAL,7,1,Prl.District and Sessions Court Koppal
3,Karnataka,GADAG,8,1,Prl District and Sessions Judge
3,Karnataka,DHARWAD,9,1,PRL. DISTRICT AND SESSIONS JUDGE
3,Karnataka,UTTARA KANNADA,10,1,PRL. DISTRICT AND SESSIONS JUDGE COURT
3,Karnataka,UTTARA KANNADA,10,18,1st ADDL. Dist AND SESSIONS JUDGE
3,Karnataka,HAVERI,11,1,Prl District and Sessions Judge
3,Karnataka,HAVERI,11,13,II Addl District and Sessions Judge
3,Karnataka,BALLARI,12,1,PRL DISTRICT AND SESSIONS JUDGE
3,Karnataka,BALLARI,12,16,III ADDL DISTRICT AND SESSIONS JUDGE
3,Karnataka,CHITRADURGA,13,1,Prl. District and Sessions Judge
3,Karnataka,DAVANGERE,14,1,PRL DISTRICT AND SESSION JUDGE
3,Karnataka,SHIVAMOGGA,15,1,Prl. District and Sessions Judge.
3,Karnataka,UDUPI,16,1,PRL. DISTRICT AND SESSIONS JUDGE
3,Karnataka,UDUPI,16,7,ADDL.DISTRICT AND SESSIONS JUDGE-SIT AT KUNDAPURA
3,Karnataka,CHIKKAMAGALURU,17,1,PRL.DISTRICT AND SESSIONS JUDGE
3,Karnataka,TUMAKURU,18,1,Prl. District and Sessions Judge
3,Karnataka,TUMAKURU,18,22,V Addl. District and Sessions Judge
3,Karnataka,TUMAKURU,18,23,IV Addl. District and Sessions Court
3,Karnataka,KOLAR,19,1,PRL.DISTRICT AND SESSIONS JUDGE
3,Karnataka,BENGALURU RURAL,21,1,PRL. DISTRICT AND SESSION JUDGE
3,Karnataka,BENGALURU RURAL,21,5,IV ADDL. DISTRICT AND SESSIONS JUDGE
3,Karnataka,BENGALURU RURAL,21,13,III Addl. District and Sessions Judge
3,Karnataka,BENGALURU RURAL,21,18,V ADDITIONAL DIST  SESSIONS JUDGE
3,Karnataka,MANDYA,22,1,PRL. DISTRICT AND SESSIONS JUDGE
3,Karnataka,MANDYA,22,18,III ADL DISTRICT AND SESSIONS JUDGE
3,Karnataka,HASSAN,23,1,Prl.District and Sessions Judge
3,Karnataka,DAKSHINA KANNADA,24,9,V ADDL.DISTRICT AND SESSIONS JUDGE
3,Karnataka,DAKSHINA KANNADA,24,17,PRL. DISTRICT  AND SESSIONS JUDGE
3,Karnataka,KODAGU,25,1,PRL. DISTRICT AND SESSIONS JUDGE
3,Karnataka,KODAGU,25,8,II Addl DISTRICT AND SESSIONS COURT VIRAJPET
3,Karnataka,MYSURU,26,3,PRL. DISTRICT AND SESSIONS JUDGE
3,Karnataka,CHAMRAJNAGAR,27,1,Prl. District and Sessions Judge
3,Karnataka,CHAMRAJNAGAR,27,8,ADDL. DISTRICT AND SESSIONS COURT
3,Karnataka,RAMANAGARAM,28,1,PRL.DISTRICT AND SESSIONS JUDGE
3,Karnataka,CHIKKABALLAPUR,29,1,Prl. District and Sessions Court
3,Karnataka,CHIKKABALLAPUR,29,7,II ADDL DISTRICT AND SESSIONS
3,Karnataka,YADGIR.,30,1,District and Sessions Judge
4,Kerala,Kasaragod,1,1,PRINCIPAL DISTRICT AND SESSIONS COURT
4,Kerala,Ernakulam,2,1,DISTRICT AND SESSIONS COURT
4,Kerala,Ernakulam,2,32,Vth Addl District Court
4,Kerala,Ernakulam,2,38,Addl District and Sessions Court N.Paravur
4,Kerala,Ernakulam,2,52,Additional District and Sessions Court-POCSO
4,Kerala,Kannur,3,1,District and Sessions Court
4,Kerala,Thrissur,4,1,DISTRICT COURT ESTABLISHMENT
4,Kerala,Thrissur,4,10,Addl. Dist. and Sessions Court/MACT Irinjalakuda
4,Kerala,Kozhikode,5,1,District and Sessions Court
4,Kerala,Kozhikode,5,12,Additional District and Sessions Court
4,Kerala,Kozhikode,5,24,Additional District and Sessions Court III
4,Kerala,Alappuzha,6,1,District and Sessions Court
4,Kerala,Alappuzha,6,21,ADDL.DISTRICT AND SESSIONS COURT-I MAVELIKARA
4,Kerala,Idukki,7,1,District and sessions court Thodupuzha
4,Kerala,Palakkad,8,1,DISTRICT AND SESSIONS COURT PALAKKAD
4,Kerala,Palakkad,8,17,Addl District  Sessions Court  MACT  Ottapalam
4,Kerala,Thiruvananthapuram,9,1,District and Sessions Court
4,Kerala,Thiruvananthapuram,9,22,Addl District and Sessions Court
4,Kerala,Kottayam,10,1,District and Sessions Court
4,Kerala,Kottayam,10,19,MACT / ADDL. DISTRICT AND SESSIONS COURT
4,Kerala,Malappuram,11,1,District and Sessions Court
4,Kerala,Pathanamthitta,12,1,DISTRICT AND SESSIONS COURT PATHANAMTHITTA
4,Kerala,Lakshadweep,13,1,District and Sessions Court
4,Kerala,Kollam,15,19,District and sessions court
4,Kerala,Wayanad,16,1,DISTRICT COURT
5,Himachal Pradesh,Hamirpur,1,1,DISTRICT AND SESSIONS COURT HAMIRPUR
5,Himachal Pradesh,Kangra,2,1,District and Sessions Court
5,Himachal Pradesh,Una,4,1,District and Sessions Judge
5,Himachal Pradesh,Solan,5,1,District and Sessions Court
5,Himachal Pradesh,Solan,5,11,District  & Sessions Judge
5,Himachal Pradesh,Mandi,6,17,District and Sessions Court
5,Himachal Pradesh,Bilaspur,7,1,District and Sessions Court
5,Himachal Pradesh,Bilaspur,7,2,Addl. District and Session Court
5,Himachal Pradesh,Chamba,8,1,District and Sessions Judge Chamba
5,Himachal Pradesh,Kinnaur,9,2,District  and Sessions Judge
5,Himachal Pradesh,Kullu,10,1,District and Session Judge
5,Himachal Pradesh,Shimla,11,9,District and Sessions Judge Rohru
5,Himachal Pradesh,Shimla,11,10,District and Sessions Judge Shimla
6,Assam,Kamrup Metro,1,4,Dist Judge and Addl Dist Judges
6,Assam,Tinsukia,2,2,District and Sessions Judge
6,Assam,Sivasagar,3,2,District and Sessions Judge Court
6,Assam,Sivasagar,3,8,Addl Dist and Sessions Judge
6,Assam,Morigaon,4,2,District and Sessions Judge
6,Assam,Lakhimpur,5,2,District and Sessions Judge
6,Assam,Sonitpur,6,2,District and Sessions Judge Sonitpur Tezpur
6,Assam,Sonitpur,6,7,Addl District and Sessions Judge
6,Assam,Dibrugarh,7,2,District and Sessions Judge
6,Assam,Darrang,8,2,District and Sessions Judge
6,Assam,Bongaigaon,9,3,District And Sessions Judge
6,Assam,Nagaon,10,2,District and Sessions Judge
6,Assam,Nagaon,10,8,Addl. District and Sessions Judge FTC
6,Assam,Jorhat,11,2,District and Sessions Judge
6,Assam,Karimganj,12,1,District and Sessions Judge Court Karimganj
6,Assam,Cachar,13,1,District And Sessions Judge Court
6,Assam,Nalbari,15,1,District and Sessions Judge
6,Assam,Dhubri,16,1,District and Sessions Judge
6,Assam,Dhubri,16,8,Additional District and Sessions Judge
6,Assam,Dhemaji,17,1,District and Sessions Judge
6,Assam,Goalpara,18,1,District and Sessions Judge
6,Assam,Barpeta,20,1,District and Sessions Judge
6,Assam,Barpeta,20,8,Addl. District and Sessions Judge
6,Assam,Hailakandi,21,1,District and Sessions Judge
6,Assam,Kokrajhar,22,1,District and Sessions Judge
6,Assam,Kamrup,23,2,District and Sessions Judge
6,Assam,Kamrup,23,6,Additional District and Sessions Judge Rangia
6,Assam,Udalguri,24,3,District And Sessions Court
6,Assam,Chirang,25,6,Additional District and Sessions Judge
6,Assam,Karbi Anglong,26,1,District and Sessions Judge
6,Assam,Baksa,27,1,District and Sessions Judge
7,Jharkhand,Bokaro,1,2,Principal District and  Sessions Judge
7,Jharkhand,Dumka,2,2,District and Sessions Courts
7,Jharkhand,Koderma,3,1,Principal District  Sessions Judge
7,Jharkhand,West Singhbhum at Chaibasa,4,2,District And Sessions Court
7,Jharkhand,Gumla,5,1,District and Sessions Court
7,Jharkhand,Godda,6,2,District and Sessions Courts
7,Jharkhand,Hazaribagh,7,2,Principal District & Sessions Judge Hazaribag
7,Jharkhand,Lohardaga,8,4,Principal District Judge
7,Jharkhand,Dhanbad,9,4,District and Sessions Judge Dhanbad
7,Jharkhand,Giridih,10,1,District And Sessions Courts Giridih
7,Jharkhand,East Singhbhum at Jamshedpur,11,1,District and Sessions Courts
7,Jharkhand,Jamtara,12,1,District and Sessions Courts
7,Jharkhand,Pakur,14,1,DISTRICT AND SESSIONS COURT PAKUR
7,Jharkhand,Seraikella,15,1,District And Sessions Court
7,Jharkhand,Daltonganj,17,1,Principal District and Sessions Judge Palamau
7,Jharkhand,Simdega,18,1,District And Sessions Court
7,Jharkhand,Latehar,19,1,District and Sessions Courts
7,Jharkhand,Garhwa,20,1,Principal District Judge
7,Jharkhand,Sahibganj,21,1,Principal District Judge Espb
7,Jharkhand,RAMGARH,23,1,District and Sessions Judge Courts
7,Jharkhand,KHUNTI,24,1,Principal District and Sessions Judge Khunti
8,Bihar,Samastipur,3,2,District and Sessions Judge
8,Bihar,Darbhanga,17,5,District Sessions Judge Sub-Division
8,Bihar,Madhubani,18,4,District & Sessions Judge
8,Bihar,Sitamarhi,31,1,District and Sessions Judge
8,Bihar,Bhojpur,33,1,District and Sessional Judge Div.
8,Bihar,Bhagalpur,34,4,District and Sessional Judge Div.
8,Bihar,Gaya,35,1,District and Sessions Judge Div.
8,Bihar,Jehanabad,36,1,District and Sessional Judge Div.
9,Rajasthan,Rajsamand,1,11,DJ ADJ-Rajsamand District HQ
9,Rajasthan,Alwar,2,11,DJ ADJ-Alwar District HQ
9,Rajasthan,Alwar,2,12,LABOUR-Alwar District HQ
9,Rajasthan,Dausa,3,20,POCSO-Dausa District HQ
9,Rajasthan,Bikaner,6,8,DJ ADJ - Bikaner District HQ
9,Rajasthan,Ganganagar,7,11,DJ ADJ -Shri Ganganagar District HQ
9,Rajasthan,Ganganagar,7,12,WA Cases -Shri Ganganagar District HQ
9,Rajasthan,Merta (Nagaur),8,11,DJ-Merta District HQ
9,Rajasthan,Udaipur,9,12,DJ ADJ-Udaipur District HQ
9,Rajasthan,Udaipur,9,18,Labor-Udaipur District HQ
9,Rajasthan,Udaipur,9,21,WAC-Udaipur District HQ
9,Rajasthan,Udaipur,9,22,Rent-Udaipur Districe HQ
9,Rajasthan,Hanumangarh,11,2,DJ ADJ-Hanumangarh District HQ
9,Rajasthan,Bharatpur,13,13,DJ ADJ - Bharatpur District HQ
9,Rajasthan,Bharatpur,13,16,SPCL COURT - Bharatpur District HQ
9,Rajasthan,Bharatpur,13,18,LABOUR - Bharatpur District HQ
9,Rajasthan,Ajmer,14,9,DJ ADJ-Ajmer District HQ
9,Rajasthan,Ajmer,14,13,Labor-Ajmer District HQ
9,Rajasthan,Jhunjhunu,18,2,DJ ADJ - Jhunjhunu District HQ
9,Rajasthan,Jalore,21,2,DJ - Jalore District HQ
9,Rajasthan,Jhalawar,22,17,ADJ - Aklera Jhalawar District
9,Rajasthan,Jhalawar,22,23,ADJ - Bhawanimandi Jhalawar District
9,Rajasthan,Pratapgarh,23,3,DJ ADJ COURT PRATAPGARH DISTRICT HQ
9,Rajasthan,Dungarpur,24,5,DJ ADJ Dungarpur District HQ
9,Rajasthan,Banswara,25,6,DJ ADJ Banswara District HQ
9,Rajasthan,Banswara,25,20,POCSO Banswara District HQ
9,Rajasthan,Sirohi,26,7,DJ ADJ-Sirohi District HQ
9,Rajasthan,Balotra Barmer,27,4,DJ ADJ-Balotra District HQ
9,Rajasthan,Karauli,29,5,DJ ADJ-Karauli District HQ
9,Rajasthan,Chittorgarh,30,6,DJ ADJ - Chittorgarh District HQ
9,Rajasthan,Bhilwara,31,11,DJ/ADJ - Bhilwara District HQ
9,Rajasthan,Bhilwara,31,19,WA - Bhilwara District HQ
9,Rajasthan,Bhilwara,31,32,ADDITIONAL DISTRICT SESSION JUDGE GULABPURA
9,Rajasthan,Jaiselmer,32,4,DJ-Jaisalmer District HQ
9,Rajasthan,Jaiselmer,32,17,Fam-Jaisalmer District HQ
9,Rajasthan,Churu,33,22,DJ ADJ DISTRICT HQ CHURU
9,Rajasthan,Dholpur,34,2,DJ ADJ - Dholpur District HQ
9,Rajasthan,Dholpur,34,6,SPCL - Dholpur District HQ
9,Rajasthan,Sikar,35,8,District  & Sessions Judge Sikar HQ
9,Rajasthan,Jaipur District,38,9,DJ ADJ-Jaipur District HQ
9,Rajasthan,Jaipur District,38,12,Print Statn_CBI Cases_JPR District HQ
9,Rajasthan,Jaipur District,38,14,DJ ADJ-Sambhar Lake
9,Rajasthan,Jaipur District,38,20,ADJ-Shahpura
9,Rajasthan,Jaipur District,38,34,ADJ-Kotputli
9,Rajasthan,Jodhpur District,39,1,DJ ADJ-Jodhpur District HQ
9,Rajasthan,Jodhpur District,39,14,ADJ Phalodi HQ
10,Tamil Nadu,Dharmapuri,1,2,District Munsif cum Judicial
10,Tamil Nadu,Dharmapuri,1,3,District Munsif Court
10,Tamil Nadu,Dharmapuri,1,6,Principal District and Sessions
10,Tamil Nadu,Dharmapuri,1,9,District Munsif Court
10,Tamil Nadu,Dharmapuri,1,10,District Munsif Court
10,Tamil Nadu,Dharmapuri,1,17,Special District Court to Deal with MCOP
10,Tamil Nadu,Dharmapuri,1,20,District Munsif Court
10,Tamil Nadu,Pudukkottai,2,5,PRINCIPAL DISTRICT COURT
10,Tamil Nadu,Pudukkottai,2,8,DISTRICT MUNSIF COURT
10,Tamil Nadu,Pudukkottai,2,10,District Munsif Court
10,Tamil Nadu,Pudukkottai,2,14,District Munsif Court
10,Tamil Nadu,Tirunelveli,3,6,Principal District Munsif cum Judicial
10,Tamil Nadu,Tirunelveli,3,16,II Additional District Court (PCR)
10,Tamil Nadu,Tirunelveli,3,17,Principal District Munsif Court
10,Tamil Nadu,Tirunelveli,3,19,Principal District Munsif Court
10,Tamil Nadu,Tirunelveli,3,21,Additional District Munsif Court
10,Tamil Nadu,Tirunelveli,3,22,Principal District Munsif Court
10,Tamil Nadu,Tirunelveli,3,26,Additional District - Sessions Court
10,Tamil Nadu,Tirunelveli,3,31,Principal District Munsif Court
10,Tamil Nadu,Tirunelveli,3,32,District Munsif Court
10,Tamil Nadu,Theni,4,7,Principal District Court Theni
10,Tamil Nadu,Theni,4,9,District Munsif Court Theni
10,Tamil Nadu,Theni,4,13,Additional District Court
10,Tamil Nadu,Theni,4,15,District Munsif Court
10,Tamil Nadu,Theni,4,16,District Munsif Court
10,Tamil Nadu,Theni,4,20,District Munsif Court
10,Tamil Nadu,Theni,4,22,District Munsif Court
10,Tamil Nadu,Namakkal,5,3,District Munsif
10,Tamil Nadu,Namakkal,5,4,Principal District Judge
10,Tamil Nadu,Namakkal,5,7,Principal District Munsif
10,Tamil Nadu,Namakkal,5,8,District Munsif
10,Tamil Nadu,Namakkal,5,11,Principal District Munsif
10,Tamil Nadu,Nagapattinam,6,3,District Munsif Court
10,Tamil Nadu,Nagapattinam,6,5,Principal District Court
10,Tamil Nadu,Nagapattinam,6,8,District Munsif Court
10,Tamil Nadu,Nagapattinam,6,11,Principal District Munsif Court
10,Tamil Nadu,Nagapattinam,6,16,Additional District Court
10,Tamil Nadu,Kanniyakumari,7,4,Principal District Munsif Court
10,Tamil Nadu,Kanniyakumari,7,5,Principal District Munsiff Court
10,Tamil Nadu,Kanniyakumari,7,7,Principal District and Sessions Court
10,Tamil Nadu,Kanniyakumari,7,11,Principal District Munsif
10,Tamil Nadu,Kanniyakumari,7,13,Principal Dist.Munsiff
10,Tamil Nadu,Kanniyakumari,7,23,District Munsif Court
10,Tamil Nadu,Tiruchirappalli,8,2,District Munsif Court
10,Tamil Nadu,Tiruchirappalli,8,4,District Munsif Court Establishment
10,Tamil Nadu,Tiruchirappalli,8,5,District Munsif Court Establishment
10,Tamil Nadu,Tiruchirappalli,8,9,Principal District and Session Court
10,Tamil Nadu,Tiruchirappalli,8,16,District Munsif Courts Establishment
10,Tamil Nadu,Tiruchirappalli,8,17,Special District Court MCOP cases
10,Tamil Nadu,Tiruchirappalli,8,21,Principal District Munsif Court
10,Tamil Nadu,Thoothukudi,9,3,District Munsif Court Complex
10,Tamil Nadu,Thoothukudi,9,5,Principal District court complex
10,Tamil Nadu,Thoothukudi,9,8,Principal District Musif court complex
10,Tamil Nadu,Thoothukudi,9,11,District Munsif Court
10,Tamil Nadu,Thoothukudi,9,17,District Munsif Court
10,Tamil Nadu,Thoothukudi,9,20,District Munsif Court
10,Tamil Nadu,Viluppuram,10,2,Principal District Munsif
10,Tamil Nadu,Viluppuram,10,4,Principal District Munsif
10,Tamil Nadu,Viluppuram,10,6,Principal District Munsif Court
10,Tamil Nadu,Viluppuram,10,10,Additional District and Sessions
10,Tamil Nadu,Viluppuram,10,11,Principal District Munsif
10,Tamil Nadu,Viluppuram,10,16,District Munsif Court
10,Tamil Nadu,Viluppuram,10,17,Principal District Court Villupuram
10,Tamil Nadu,Viluppuram,10,19,Special District Court VIllupuram
10,Tamil Nadu,Viluppuram,10,23,Principal District Munsif Villupuram
10,Tamil Nadu,Viluppuram,10,27,Additional District Court No.1
10,Tamil Nadu,Viluppuram,10,28,Additional District Court No.2
10,Tamil Nadu,Viluppuram,10,31,Principal District Munsif
10,Tamil Nadu,Vellore,11,4,ADDITIONAL DISTRICT AND SESSIONS JUDGE
10,Tamil Nadu,Vellore,11,5,Principal District Munsif
10,Tamil Nadu,Vellore,11,6,Addl Dist and Sess Court
10,Tamil Nadu,Vellore,11,7,District Munsif Court
10,Tamil Nadu,Vellore,11,10,District Munsif
10,Tamil Nadu,Vellore,11,11,Distrcit Munsif
10,Tamil Nadu,Vellore,11,12,Principal District Court
10,Tamil Nadu,Vellore,11,15,Principal District Munsif Court
10,Tamil Nadu,Vellore,11,19,District Munsif
10,Tamil Nadu,Vellore,11,23,Principal District Munsif Court
10,Tamil Nadu,Vellore,11,27,DISTRICT MUNSIF
10,Tamil Nadu,Vellore,11,36,District Munsif
10,Tamil Nadu,Salem,12,9,District Munsif Court
10,Tamil Nadu,Salem,12,16,Special District MCOP Court
10,Tamil Nadu,Salem,12,18,District Munsif
10,Tamil Nadu,Salem,12,21,Additional District Court (Fast Track)
10,Tamil Nadu,Salem,12,24,District Munsif
10,Tamil Nadu,Salem,12,26,District Munsif
10,Tamil Nadu,Virudhunagar,14,5,Additional District Court
10,Tamil Nadu,Virudhunagar,14,8,Principal District Court
10,Tamil Nadu,Virudhunagar,14,11,Principal District Munsif Court
10,Tamil Nadu,Virudhunagar,14,13,District Musif Court
10,Tamil Nadu,Virudhunagar,14,15,District Munsif Court
10,Tamil Nadu,Virudhunagar,14,18,Principal District Munisf Court
10,Tamil Nadu,Madurai,15,3,Principal District Judge
10,Tamil Nadu,Madurai,15,4,II Addl District Judge for CBI
10,Tamil Nadu,Madurai,15,7,District Munsif Taluk
10,Tamil Nadu,Madurai,15,10,III Addl District Judge forPCR
10,Tamil Nadu,Madurai,15,12,Principal District Munsif
10,Tamil Nadu,Madurai,15,14,District Munsif Court Thirumangalam
10,Tamil Nadu,Madurai,15,15,District Munsif Court Complex
10,Tamil Nadu,Madurai,15,19,District Munsif Court
10,Tamil Nadu,Madurai,15,22,Spl District Judge for MCOP cases
10,Tamil Nadu,The Nilgiris,16,1,District court
10,Tamil Nadu,The Nilgiris,16,2,District Munsif Court
10,Tamil Nadu,The Nilgiris,16,7,District Munsif Cum Judicial
10,Tamil Nadu,The Nilgiris,16,10,District Munsif Court
10,Tamil Nadu,Thanjavur,17,1,PRINCIPAL DISTRICT COURT
10,Tamil Nadu,Thanjavur,17,3,I ADD DISTRICT COURT(PCR)
10,Tamil Nadu,Thanjavur,17,4,III ADDL. DISTRICT COURT
10,Tamil Nadu,Thanjavur,17,8,DISTRICT MUNSIF COURT
10,Tamil Nadu,Thanjavur,17,12,DISTRICT MUNSIF COURT
10,Tamil Nadu,Thanjavur,17,13,SPL DISTRICT COURT MCOP TRIPUNAL 
10,Tamil Nadu,Thanjavur,17,18,Additional District Court
10,Tamil Nadu,Thanjavur,17,22,Principal District Munsif court
10,Tamil Nadu,Thanjavur,17,23,District Munsif Court
10,Tamil Nadu,Coimbatore,18,5,principal district court
10,Tamil Nadu,Coimbatore,18,17,PRINCIPAL DISTRICT MUNSIF COURT
10,Tamil Nadu,Coimbatore,18,20,DISTRICT MUNSIF
10,Tamil Nadu,Coimbatore,18,23,DISTRICT MUNSIF
10,Tamil Nadu,Karur,19,2,The Principal District Court
10,Tamil Nadu,Karur,19,5,The Principal District Munsif Court
10,Tamil Nadu,Karur,19,9,District Munsif Court
10,Tamil Nadu,Cuddalore,20,1,Principal District Judge Cuddalore.
10,Tamil Nadu,Cuddalore,20,7,Additional District Judge III
10,Tamil Nadu,Cuddalore,20,12,District Munsif Court
10,Tamil Nadu,Cuddalore,20,16,Principal District Munsif
10,Tamil Nadu,Cuddalore,20,18,Additional District Judge-II
10,Tamil Nadu,Cuddalore,20,19,Principal  District Munsif
10,Tamil Nadu,Cuddalore,20,24,Principal District Munsif Court
10,Tamil Nadu,Ramanathapuram,21,3,District Munsif Cum Judicial
10,Tamil Nadu,Ramanathapuram,21,5,District Munsif Court
10,Tamil Nadu,Ramanathapuram,21,9,District Munsif
10,Tamil Nadu,Ramanathapuram,21,13,District Munsif Court
10,Tamil Nadu,Ramanathapuram,21,15,Additional District Court
10,Tamil Nadu,Tiruvannamalai,22,1,Principal District and Sessions Court
10,Tamil Nadu,Tiruvannamalai,22,8,District Munsif Court
10,Tamil Nadu,Tiruvannamalai,22,9,Principal District Munsif Court
10,Tamil Nadu,Tiruvannamalai,22,11,District Munsif Court
10,Tamil Nadu,Tiruvannamalai,22,15,District Munsif Court
10,Tamil Nadu,Tiruvannamalai,22,17,Principal District Munsif
10,Tamil Nadu,Tiruvannamalai,22,21,Additional District Court
10,Tamil Nadu,Tiruvannamalai,22,22,District Munsif Court
10,Tamil Nadu,Perambalur,23,2,Prl. DISTRICT AND SESSIONS COURT AND MAHILA
10,Tamil Nadu,Erode,24,2,District Munsif
10,Tamil Nadu,Erode,24,3,Principal District Court
10,Tamil Nadu,Erode,24,6,Principal District Munsif
10,Tamil Nadu,Erode,24,14,Additional District Court
10,Tamil Nadu,Erode,24,16,District Munsif
10,Tamil Nadu,Erode,24,20,IV-ADDITIONAL DISTRICT COURT
10,Tamil Nadu,Erode,24,22,Principal District Munsif
10,Tamil Nadu,Erode,24,24,1 Additional District Munsif Court
10,Tamil Nadu,Erode,24,25,Special District Court MCOP Establishment
10,Tamil Nadu,Tiruvarur,25,6,District Munsif Court
10,Tamil Nadu,Tiruvarur,25,9,Principal District Court
10,Tamil Nadu,Tiruvarur,25,12,District Munsif Court
10,Tamil Nadu,Tiruvarur,25,14,District  Munsif
10,Tamil Nadu,Krishnagiri,26,2,Principal District Judge
10,Tamil Nadu,Krishnagiri,26,4,District Munsif
10,Tamil Nadu,Krishnagiri,26,10,District Munsif cum Judicial
10,Tamil Nadu,Krishnagiri,26,12,Special District Court for MCOP
10,Tamil Nadu,Krishnagiri,26,15,Additional District Court
10,Tamil Nadu,Krishnagiri,26,18,District Munsif cum Judicial
10,Tamil Nadu,Krishnagiri,26,19,District Munsif Court
10,Tamil Nadu,Dindigul,27,2,Principal District and Sessions Court
10,Tamil Nadu,Dindigul,27,5,Principal District munsif Court
10,Tamil Nadu,Dindigul,27,6,District Munsiff Court
10,Tamil Nadu,Dindigul,27,9,District Munsif
10,Tamil Nadu,Dindigul,27,10,District Munsif cum Judicial
10,Tamil Nadu,Dindigul,27,12,District Munsif court
10,Tamil Nadu,Dindigul,27,19,Additional District Court(FTC)
10,Tamil Nadu,Dindigul,27,22,Principal District Munsif Court
10,Tamil Nadu,Puducherry,28,2,Principal District Court Establishment
10,Tamil Nadu,Puducherry,28,5,Principal District Munsif Establishment
10,Tamil Nadu,Puducherry,28,7,District and  Sessions Court
10,Tamil Nadu,Sivagangai,29,1,DISTRICT COURT
10,Tamil Nadu,Sivagangai,29,3,District Munsif Court
10,Tamil Nadu,Sivagangai,29,12,DISTRICT MUNSIF COURT
10,Tamil Nadu,Ariyalur,30,4,Principal_District_Court_ Establisment_Ariyalur
10,Tamil Nadu,Ariyalur,30,7,Principal_District_Munsif_Court_Ariyalur
10,Tamil Nadu,Ariyalur,30,8,District_Munsif_Court_Jayankondam
10,Tamil Nadu,Kancheepuram,31,4,District and Sessions Judge
10,Tamil Nadu,Kancheepuram,31,7,Principal District Munsif
10,Tamil Nadu,Kancheepuram,31,8,Principal District Court
10,Tamil Nadu,Kancheepuram,31,11,District Munsif Court
10,Tamil Nadu,Kancheepuram,31,13,Principal District Munsif
10,Tamil Nadu,Kancheepuram,31,18,District Munsif Court
10,Tamil Nadu,Tiruvallur,32,3,Additional District and Sessions Judge
10,Tamil Nadu,Tiruvallur,32,5,District Munsif Court
10,Tamil Nadu,Tiruvallur,32,8,District Munsif Court
10,Tamil Nadu,Tiruvallur,32,10,District Munsif Judge
10,Tamil Nadu,Tiruvallur,32,12,District Munsif Court
10,Tamil Nadu,Tiruvallur,32,15,District Munsif cum Judicial
10,Tamil Nadu,Tiruvallur,32,17,Principal District Munsif Court
10,Tamil Nadu,Tiruvallur,32,19,Principal District and Sessions Court
10,Tamil Nadu,Tiruvallur,32,21,Additional District and Sessions Court-II
10,Tamil Nadu,Tiruvallur,32,22,Additional District and Sessions Court-III
10,Tamil Nadu,Tiruvallur,32,24,Principal District Munsif
10,Tamil Nadu,Tiruppur,33,1,District Munsif Court
10,Tamil Nadu,Tiruppur,33,2,District Munsif Court
10,Tamil Nadu,Tiruppur,33,6,District Munsif Court
10,Tamil Nadu,Tiruppur,33,9,District Munsif Court
10,Tamil Nadu,Tiruppur,33,14,District Munsif Court
10,Tamil Nadu,Tiruppur,33,17,III Additional District Judge
10,Tamil Nadu,Tiruppur,33,19,District Munsif Court
10,Tamil Nadu,Tiruppur,33,20,Principal District court
11,Orissa,Cuttack,1,4,District and Sessions Court
11,Orissa,Cuttack,1,7,Addl. District and Sessions Judge
11,Orissa,Kendrapada,2,2,District and Sessions Judge
11,Orissa,Nuapada,3,2,District and  Sessions Judge Court Nuapada
11,Orissa,Ganjam,4,2,District Civil and  Sessions Court
11,Orissa,Ganjam,4,16,Additional District Judge
11,Orissa,Ganjam,4,19,Additional District Judge
11,Orissa,Balasore,5,2,District  and Sessions Judge
11,Orissa,Koraput,6,3,District and Sessions Judge
11,Orissa,Koraput,6,6,Addl District and Sessions Jugde
11,Orissa,Dhenkanal,7,2,District and Sessions Judge Dhenkanal
11,Orissa,Dhenkanal,7,5,Additional District and Sessions Judge
11,Orissa,Khurda,8,2,District and Sessions Court
11,Orissa,Khurda,8,5,Addl. District and Sessions Court
11,Orissa,Gajapati,9,2,District and Session Judge
11,Orissa,Kalahandi,10,4,District and Sessions Judge
11,Orissa,Kalahandi,10,8,Additional District  and Sessions Judge
11,Orissa,Sambalpur,11,2,District and Sessions Judge 
11,Orissa,Sambalpur,11,8,Additional District & Session Judge
11,Orissa,Sambalpur,11,11,Additional District Judge
11,Orissa,Jharsuguda,12,3,District And Sessions Judge
11,Orissa,Keonjhar,13,2,District and Sessions Judge
11,Orissa,Keonjhar,13,8,Additional District and Session Judge
11,Orissa,Keonjhar,13,11,Addl. District and Sessions Judge
11,Orissa,Jagatsinghpur,14,3,Dist and Sessions Judge court Jagatsinghpur
11,Orissa,Puri,15,3,District and Sessions Judge Puri
11,Orissa,Puri,15,14,Additional District and Sessions Judge
11,Orissa,Sundargarh,16,2,District and Sessions Judge Court Sundargarh
11,Orissa,Balangir,17,2,District & Sessions Judge
11,Orissa,Balangir,17,6,Additional District Judge Patnagarh
11,Orissa,Balangir,17,8,Additional District Judge
11,Orissa,Balangir,17,11,Additional District Judge
11,Orissa,Bhadrak,18,2,District and Sessions Judge
11,Orissa,Jajpur,19,2,District and Sessions Judge
11,Orissa,Sonepur,20,2,District and  Sessions Judge
11,Orissa,Rayagada,21,2,District and Sessions Court
11,Orissa,Nayagarh,22,4,District & Sessions Judge Court
11,Orissa,Kandhamal,23,2,District & Sessions Judge
11,Orissa,Boudh,24,2,District & Sessions Judge
11,Orissa,Mayurbhanj,26,2,District and Sessions Judge Court
11,Orissa,Mayurbhanj,26,5,Addl. District and Sessions Judge
11,Orissa,Mayurbhanj,26,12,Additional District and Sessions Judge
11,Orissa,Anugul,27,2,District and Sessions Judge
11,Orissa,Anugul,27,5,Additional District and Sessions Judge
11,Orissa,Bargarh,29,1,District and Sessions Judge Court
11,Orissa,Bargarh,29,9,Addl. District and Sessions Judge Padampur
11,Orissa,Deogarh,30,1,District and Sessions Judge
11,Orissa,Malkangiri,31,1,Additional District and Sessions Judge Malkangiri
11,Orissa,Nabarangpur,32,1,District and Sessions Court 
12,Jammu and Kashmir,Kathua,1,2,Principal District Judge
12,Jammu and Kashmir,Udhampur,2,2,Pr. District Judge 
12,Jammu and Kashmir,Baramulla,3,3,Principal District Judge
12,Jammu and Kashmir,Baramulla,3,6,Additional District Judge
12,Jammu and Kashmir,Anantnag,4,2,Principal District Judge
12,Jammu and Kashmir,Pulwama,6,2,Principal District Judge
12,Jammu and Kashmir,Ganderbal,7,3,Principal District Judge
12,Jammu and Kashmir,Budgam,8,2,Principal District Judge
12,Jammu and Kashmir,Reasi,9,2,Principal District Judge
12,Jammu and Kashmir,Shopian,10,2,Principal District Judge Shopian
12,Jammu and Kashmir,Kupwara,11,2,Principal District Judge
12,Jammu and Kashmir,Kupwara,11,5,Principal District Judge
12,Jammu and Kashmir,Poonch,12,2,Pr Distt judge
12,Jammu and Kashmir,Rajouri,13,2,Principal District Judge
12,Jammu and Kashmir,Ramban,14,2,Principal District Judge
12,Jammu and Kashmir,Doda,15,2,Principal District Judge
12,Jammu and Kashmir,Doda,15,7,Principal District Judge
12,Jammu and Kashmir,Bandipora,18,2,Principal District Judge
12,Jammu and Kashmir,Jammu,19,2,Principal District Judge
12,Jammu and Kashmir,Kulgam,20,2,Principal District Judge
12,Jammu and Kashmir,Samba,21,2,Principal District Judge
12,Jammu and Kashmir,Kishtwar,22,2,Principal District Judge
13,Uttar Pradesh,Allahabad,1,2,District and Sessions Judge
13,Uttar Pradesh,Bareilly,2,2,District and  Sessions Judge
13,Uttar Pradesh,Gorakhpur,3,2,District and Sessions Judge
13,Uttar Pradesh,Hardoi,4,2,District and Session Judge
13,Uttar Pradesh,Chitrakoot,5,2,District and Sessions Judge
13,Uttar Pradesh,Meerut,6,2,District and Sessions Judge
13,Uttar Pradesh,Bahraich,7,2,District and Sessions Judge Bahraich
13,Uttar Pradesh,Ghaziabad,8,2,District Sessions Judge
13,Uttar Pradesh,Fatehpur,9,2,District and Session Court
13,Uttar Pradesh,Lakhimpur,10,2,District and Sessions Judge
13,Uttar Pradesh,Lakhimpur,10,9,District and Sessions Judge
13,Uttar Pradesh,Shravasti,11,2,District and Sessions Judge
13,Uttar Pradesh,Jaunpur,12,2,District  and Sessions Judge
13,Uttar Pradesh,Pilibhit,13,2,District and Sessions Judge
13,Uttar Pradesh,Mainpuri,14,2,District  Session Judge
13,Uttar Pradesh,Ambedkar Nagar,15,2,District and  Sessions Judge
13,Uttar Pradesh,Sitapur,16,2,District and Sessions Judge
13,Uttar Pradesh,Auraiya,17,2,District and Sessions Judge
13,Uttar Pradesh,Budaun,18,2,District and Session Judge
13,Uttar Pradesh,Kanpur Nagar,19,2,District and Sessions Judge
13,Uttar Pradesh,Gautam Buddha Nagar,20,2,District and Session Judge
13,Uttar Pradesh,Ballia,21,2,District and Sessions Judge
13,Uttar Pradesh,Bhadohi SR Nagar,22,2,District and Session Judge
13,Uttar Pradesh,Lalitpur,23,2,District and Sessions Judge
13,Uttar Pradesh,Lucknow,24,2,District and Sessions Judge Lucknow
13,Uttar Pradesh,Etah,25,2,District And Sessions Judge
13,Uttar Pradesh,Muzaffarnagar,26,2,District and Session judge
13,Uttar Pradesh,Varanasi,27,2,District and Sessions Judge
13,Uttar Pradesh,Ghazipur,28,2,District and Sessions Judge
13,Uttar Pradesh,Firozabad,29,2,District And Sessions Judge
13,Uttar Pradesh,Agra,30,2,District Judge
13,Uttar Pradesh,Pratapgarh,31,2,District and session judge
13,Uttar Pradesh,Etawah,33,2,District and Sessions Judge
13,Uttar Pradesh,Kushinagar,34,2,District and Sessions Court
13,Uttar Pradesh,Jyotiba Phule Nagar,35,2,District and Sessions Judge
13,Uttar Pradesh,Barabanki,36,2,District and Sessions Judge
13,Uttar Pradesh,Mahoba,38,2,District Session Judge
13,Uttar Pradesh,Banda,39,2,District and Sessions Judge
13,Uttar Pradesh,Kanshi Ram Nagar,40,2,District and Sessions Judge
13,Uttar Pradesh,Deoria,41,2,District and Sessions Judge
13,Uttar Pradesh,Mau,42,2,District and Sessions Judge
13,Uttar Pradesh,Aligarh,43,2,District and Session Judge
13,Uttar Pradesh,Azamgarh,44,2,District and Sessions Judge
13,Uttar Pradesh,Baghpat,45,2,District and Session Judge
13,Uttar Pradesh,Basti,46,2,District and Session Judge
13,Uttar Pradesh,Bijnor,47,2,District and Session Judge
13,Uttar Pradesh,Bijnor,47,8,Additional District and Session Judge
13,Uttar Pradesh,Bulandshahr,48,2,District and Sessions Court
13,Uttar Pradesh,Bulandshahr,48,9,Addl. District and Sessions Judge
13,Uttar Pradesh,Bulandshahr,48,11,Addl. District and Sessions Judge
13,Uttar Pradesh,Faizabad,49,2,District and session Judge Faizabad
13,Uttar Pradesh,Gonda,50,2,District Judge Establishment
13,Uttar Pradesh,Kanpur Dehat,51,2,District & Session Judge
13,Uttar Pradesh,Maharajganj,52,2,District and Sessions Judge
13,Uttar Pradesh,Mathura,53,2,District and Session Judge
13,Uttar Pradesh,Moradabad,54,2,District & Session Court Moradabad
13,Uttar Pradesh,Raebareli,55,2,District and Session Judge
13,Uttar Pradesh,Rampur,56,2,District and Sessions Judge
13,Uttar Pradesh,Saharanpur,57,2,District and Sessions Judge
13,Uttar Pradesh,Saharanpur,57,8,Addl. District Sessions Judge
13,Uttar Pradesh,Shahjahanpur,58,2,District and Sessions Judge
13,Uttar Pradesh,Siddharthnagar,59,2,District and Session Judge
13,Uttar Pradesh,Siddharthnagar,59,7,Additional District and Session Judge
13,Uttar Pradesh,Sonbhadra,60,2,District & Session Judge
13,Uttar Pradesh,Sonbhadra,60,7,Additional District  and Session  Judge  Obra
13,Uttar Pradesh,Sultanpur,61,2,District  Sessions Judge
13,Uttar Pradesh,Unnao,62,2,District & session Judge
13,Uttar Pradesh,Farrukhabad,63,2,District & Sessions Judge
13,Uttar Pradesh,Hamirpur,64,2,District and Sessions Judge
13,Uttar Pradesh,Hathras,65,2,District and Sessions Judge
13,Uttar Pradesh,Jhansi,66,2,District & Sessions Judge
13,Uttar Pradesh,Balrampur,67,2,District and  Session Judge
13,Uttar Pradesh,Mirzapur,68,2,District and Sessions Judge
13,Uttar Pradesh,Kannauj,69,2,District and Sessions Judge
13,Uttar Pradesh,Jalaun,70,2,District and Sessions Court
13,Uttar Pradesh,Santkabir Nagar,71,2,District and Sessions Judge
13,Uttar Pradesh,Hapur,73,1,District and Session Court Hapur
13,Uttar Pradesh,Sambhal at Chandausi,74,1,Addl. District and Sessions Court
13,Uttar Pradesh,Sambhal at Chandausi,74,7,District and Sessions Court
13,Uttar Pradesh,Chandauli,75,1,District and Sessions Judge
13,Uttar Pradesh,Shamli,76,1,District and session judge
13,Uttar Pradesh,Shamli,76,8,Additional district and session judge
14,Haryana,Sirsa,2,1,District and Sessions Courts
14,Haryana,Ambala,3,1,District and Sessions Court
14,Haryana,Faridabad,5,1,District and Sessions Courts
14,Haryana,Gurugram,6,1,District and Sessions Court
14,Haryana,Hisar,7,2,District and Sessions Courts
14,Haryana,Jhajjar,8,1,District and Sessions Courts
14,Haryana,Jind,9,1,District and Sessions Court
14,Haryana,Kurukshetra,10,1,District  and Sessions Court
14,Haryana,Rohtak,12,1,District and Sessions Court Rohtak
14,Haryana,Sonepat,13,1,District and Sessions Judge Sonipat
14,Haryana,Panchkula,14,1,DISTRICT AND  SESSIONS COURT PANCHKULA
14,Haryana,Fatehabad,15,1,District  and Sessions Courts
14,Haryana,Kaithal,16,1,District & Session Judge
14,Haryana,Rewari,17,1,District and Sessions Courts
14,Haryana,Panipat,18,1,District and Sessions Court Panipat
15,Uttarakhand,Pauri Garhwal,2,2,District and Sessions Judge
15,Uttarakhand,Pauri Garhwal,2,6,Addl. District and Sessions Judge
15,Uttarakhand,Tehri Garhwal,3,2,District and Sessions Judge
15,Uttarakhand,Uttarkashi,6,2,District and  Sessions Judge Uttarkashi
15,Uttarakhand,Almora,7,2,District and Session Judge
15,Uttarakhand,Chamoli,8,2,District and Sessions Judge
15,Uttarakhand,Haridwar,9,1,District and Sessions Judge
15,Uttarakhand,Haridwar,9,6,Additional District and Session Judge
15,Uttarakhand,Champawat,13,2,District and Sessions Judge
15,Uttarakhand,Bageshwar,14,2,District and Session Judge
15,Uttarakhand,Pithoragarh,15,2,District And Sessions Judge
16,West Bengal,Malda,1,2,District and Sessions Judge
16,West Bengal,Hooghly,2,3,DISTRICT SESSION JUDGE
16,West Bengal,Hooghly,2,7,ADDITIONAL DISTRICT & SESSIONS JUDGE
16,West Bengal,Hooghly,2,10,ADDITIONAL DISTRICT AND SESSIONS JUDGE
16,West Bengal,Hooghly,2,14,ADDL. DISTRICT & SESSIONS JUDGE
16,West Bengal,Jalpaiguri,4,2,District & Session Judge
16,West Bengal,Jalpaiguri,4,6,Additional District  and Sessions Judge
16,West Bengal,Jalpaiguri,4,8,Addl Dist  and Sessions Judge Court
16,West Bengal,Coochbehar,6,2,District and Sessions Judge 
16,West Bengal,Coochbehar,6,6,Addl. District & Sessions Judge 
16,West Bengal,Coochbehar,6,13,Additional District & Sessions Judge 
16,West Bengal,Paschim Medinpur,7,2,district and session judge
16,West Bengal,Birbhum,8,2,District and Sessions Judges
16,West Bengal,Purba Medinipur,9,2,District and Sessions Judge
16,West Bengal,Purba Medinipur,9,6,Addl. District & Session Judge
16,West Bengal,Purba Medinipur,9,10,Addl District and Seesion Judge
16,West Bengal,Purulia,10,2,District and Session Judge Purulia
16,West Bengal,Howrah,11,2,District and Sessions Judge
16,West Bengal,Howrah,11,6,Additional District And Sessions Judge
16,West Bengal,Howrah,11,9,Additional District Judge Uluberia
16,West Bengal,Murshidabad,12,2,District and Session Judge
16,West Bengal,Murshidabad,12,6,Addl District and Session Judge
16,West Bengal,Murshidabad,12,8,Additional District & Session Judge
16,West Bengal,Murshidabad,12,11,Additional District and Sessions Judge
16,West Bengal,Murshidabad,12,15,Additional District and sessions Judge
16,West Bengal,North  Twenty Four Parganas,14,3,Barasat District Judge
16,West Bengal,North  Twenty Four Parganas,14,13,Barrackpore Addl. District &
16,West Bengal,Darjeeling,17,2,District and Sessions Judge Court
16,West Bengal,Darjeeling,17,6,Additional District  Sessions Judge 1 st Court
16,West Bengal,Darjeeling,17,18,Additional District and Sessions Judge
16,West Bengal,Purba Bardhaman,18,2,District and Sessions Judge
16,West Bengal,Purba Bardhaman,18,18,Additional district and Sessions Judge
16,West Bengal,Bankura,19,1,District and Sessions Judge 
16,West Bengal,Bankura,19,5,Addl. District Judge
16,West Bengal,Bankura,19,9,Addl. District Judge
16,West Bengal,South Twenty Four Parganas,20,1,District and Sessions Judge
16,West Bengal,South Twenty Four Parganas,20,5,Additional District Judge
16,West Bengal,South Twenty Four Parganas,20,7,Additional District Judge
16,West Bengal,South Twenty Four Parganas,20,11,Additional District and
16,West Bengal,South Twenty Four Parganas,20,16,Additional District Judge
16,West Bengal,South Twenty Four Parganas,20,19,Additional District Judge
16,West Bengal,North Dinajpur,21,1,District and Sessions Judge Raiganj
16,West Bengal,North Dinajpur,21,5,Additional District Judge Islampur
16,West Bengal,Nadia,22,1,Addl.District Judge
16,West Bengal,Nadia,22,5,District and Sessions Judge
16,West Bengal,Nadia,22,15,Addl.District Judge
16,West Bengal,Nadia,22,16,Addl. District and Sessions Judge Ranaghat
16,West Bengal,Nadia,22,17,Fast Track Court addl. District and Sessions judge
16,West Bengal,kalimpong,23,4,District and sessions Judge court
16,West Bengal,Paschim Bardhaman,24,2,Additional District And Session Judge
16,West Bengal,Paschim Bardhaman,24,8,District and Sessions Judge Court
17,Gujarat,GANDHINAGAR,11,1,Gandhinagar District
17,Gujarat,GANDHINAGAR,11,7,Kalol Additional District Court
17,Gujarat,Ahmedabad,13,1,AHMEDABAD DISTRICT COURT
17,Gujarat,Ahmedabad,13,18,ADDL DISTRICT COURT
17,Gujarat,SURAT,14,1,District Court
17,Gujarat,Mahesana,15,1,DISTRICT COURT
17,Gujarat,RAJKOT,16,1,DISTRICT COURT - RAJKOT
17,Gujarat,RAJKOT,16,19,Addl. District Court - Gondal
17,Gujarat,RAJKOT,16,21,Jetpur Additional Dist. Court
17,Gujarat,RAJKOT,16,22,Addl. District Court - Dhoraji
17,Gujarat,Amreli,17,1,DISTRICT AND SESSIONS COURT AMRELI
17,Gujarat,Amreli,17,14,ADDI DISTRICT COURT RAJULA
17,Gujarat,Anand,18,1,DISTRICT COURT
17,Gujarat,Anand,18,12,PETLAD DISTRICT COURT
17,Gujarat,Banaskanth at Palanpur,19,1,DISTRICT AND SESSION COURT PALANPUR
17,Gujarat,Banaskanth at Palanpur,19,18,ADDITIONAL DISTRICT COURT DEESA
17,Gujarat,Bharuch,20,1,DISTRICT COURT
17,Gujarat,Bharuch,20,11,Additional District Court
17,Gujarat,Bhavnagar,21,1,bhavnagar_district Court
17,Gujarat,Dahod,22,1,dahod_district
17,Gujarat,Jamnagar,23,1,DISTRICT AND SESSIONS COURT
17,Gujarat,Junagadh,24,1,DISTRICT COURT
17,Gujarat,Junagadh,24,19,Additional District Court Keshod
17,Gujarat,Kheda at Nadiad,25,1,DISTRICT COURT
17,Gujarat,kachchh at Bhuj,26,1,District and Sessions Court Bhuj
17,Gujarat,Panchmahal at Godhra,27,1,District Court
17,Gujarat,Panchmahal at Godhra,27,17,Addl District Court
17,Gujarat,Patan,28,1,DISTRICT AND SESSIONS COURT PATAN
17,Gujarat,Patan,28,13,ADDL. DISTRICT COURT RADHANPUR
17,Gujarat,Sabarkantha at Himmatnagar,29,1,DISTRICT AND SESSIONS COURT
17,Gujarat,Sabarkantha at Himmatnagar,29,18,ADDITIONAL DISTRICT AND SESSIONS
17,Gujarat,Surendranagar,30,1,District Court
17,Gujarat,Surendranagar,30,15,Additional District Court
17,Gujarat,Vadodara,31,1,vadodara_district Court
17,Gujarat,Vadodara,31,20,Addl District Court - Savli
17,Gujarat,Navsari,32,1,navsari_district Court
17,Gujarat,Narmada,33,1,DISTRICT COURT
17,Gujarat,Tapi,34,1,tapi_district Court
17,Gujarat,Valsad,35,1,valsad_district Court
17,Gujarat,Porbandar,36,1,DISTRICT AND SESSIONS COURT
17,Gujarat,Gir Somnath at Veraval,37,1,District Court Veraval
17,Gujarat,Gir Somnath at Veraval,37,3,Additional District Court Una
17,Gujarat,Aravalli at Modasa,38,7,Principal District Court Arvalli
17,Gujarat,MORBI,39,1,District  Court - Morbi
17,Gujarat,Devbhumi Dwarka at Khambhaliya,40,1,DISTRICT COURT DEVBHUMI DWARKA
17,Gujarat,Chhota Udepur,41,1,DISTRICT COURT
17,Gujarat,Mahisagar at Lunawada,42,3,DISTRICT COURT
18,Chhattisgarh,Korba,1,1,District and Sessions Judge Korba
18,Chhattisgarh,Bilaspur,2,1,District and Sessions Judge
18,Chhattisgarh,Raipur,3,1,District and Sessions Court
18,Chhattisgarh,Raipur,3,7,2Additional district judge Gariyaband
18,Chhattisgarh,Surguja,4,1,District and Sessions Court Surguja CG
18,Chhattisgarh,Dhamtari,5,1,District and Sessions Court Dhamtari
18,Chhattisgarh,Dhamtari,5,7,Additional District And Sessions Camp Court
18,Chhattisgarh,Raigarh,6,1,District and Sessions Court Raigarh
18,Chhattisgarh,Raigarh,6,5,Addl District and session court
18,Chhattisgarh,Raigarh,6,10,Addl. District and Sessions Judge
18,Chhattisgarh,Durg,7,1,District and Sessions Court
18,Chhattisgarh,Kawardha,9,1,District and Session Judge Kabirdham
18,Chhattisgarh,Rajnandgaon,10,1,District And Sessions Judge Rajnandgaon
18,Chhattisgarh,Rajnandgaon,10,4,Additional District And Sessions Court
18,Chhattisgarh,Rajnandgaon,10,6,Additional District And Sessions
18,Chhattisgarh,Koriya,11,1,District and Sessions judge
18,Chhattisgarh,Koriya,11,4,Add. District  And Sessions Judge Manendragarh
18,Chhattisgarh,Mahasamund,12,1,District and Sessions Court Mahasamund
18,Chhattisgarh,Mahasamund,12,4,Additional District and Sessions court
18,Chhattisgarh,Kanker,13,1,District And Sessions Judge
18,Chhattisgarh,Kanker,13,3,Additional District And Session Judge
18,Chhattisgarh,Bastar,15,1,District Court Bastar at Jagdalpur
18,Chhattisgarh,Jashpur,16,1,District And Sessions Judge Jashpur
18,Chhattisgarh,Jashpur,16,3,Additional District and Sessions Judge Kunkuri
18,Chhattisgarh,Jashpur,16,9,Additional District Judge Pathalgaon
18,Chhattisgarh,Dantewada,17,1,District and Sessions Court
18,Chhattisgarh,Janjgir,18,1,DISTRICT AND SESSION COURT JANJGIR
18,Chhattisgarh,Janjgir,18,5,ADD. DISTRICT AND SESSION COURT SAKTI
18,Chhattisgarh,Balod,19,1,District and Sessions Court
18,Chhattisgarh,Bemetara,20,1,District and Sessions Court
18,Chhattisgarh,Surajpur,21,3,District and Sessions Judge Surajpur
18,Chhattisgarh,Kondagaon,22,1,District And Sessions Court Kondagaon
18,Chhattisgarh,Balodabazar,23,1,DISTRICT AND SESSION JUDGE EST.
18,Chhattisgarh,Balodabazar,23,5,DISTRICT AND SESSION JUDGE EST.
18,Chhattisgarh,Balrampur Ramanujganj,25,3,Distt and Sessions Court
19,Mizoram,Lunglei,2,2,District Judge & Addl. Dist. Judges
20,Tripura,West Tripura,1,4,District and Sessions Judge
20,Tripura,North Tripura,2,6,District And Sessions Judge
20,Tripura,SouthTripura,3,9,District Judge Court
20,Tripura,Unakoti  Tripura,5,2,The District and Sessions Judge
20,Tripura,Unakoti  Tripura,5,6,Addl District And Sessions Judge Court
20,Tripura,Gomati District,6,2,District Court
20,Tripura,Sepahijala Tripura,9,1,District and Sessions Judge
20,Tripura,Sepahijala Tripura,9,7,Addl. District and Sessions Judge
20,Tripura,Khowai Tripura,10,1,District and Sessions Judge Establishment
20,Tripura,Dhalai Tripura,11,5,Addl District And Sessions Judge Court
20,Tripura,Dhalai Tripura,11,8,District and Sessions Judge Establishment
21,Meghalaya,East Khasi Hills,1,2,District  Sessions Judge Shillong
21,Meghalaya,East Khasi Hills,1,3,Asst District Judge
21,Meghalaya,West Garo Hills,2,1,District and Sessions Judge Tura
21,Meghalaya,West Jaintia Hills,3,3,District and Session Court
21,Meghalaya,East Garo Hills,4,1,District and Sessions Judge Williamnagar
21,Meghalaya,Ri Bhoi,5,2,District and Sessions Judge Nongpoh
22,Punjab,Ludhiana,1,1,District and Sessions Courts
22,Punjab,Jalandhar,2,1,DISTRICT AND SESSIONS COURT JALANDHAR
22,Punjab,Rupnagar,3,1,District and Sessions Court
22,Punjab,Fatehgarh Sahib,4,1,District and Sessions Court
22,Punjab,Faridkot,9,1,District and Sessions Courts
22,Punjab,Kapurthala,11,1,District and Sessions Courts
22,Punjab,SBS Nagar,15,1,DISTRICT and SESSIONS COURT SBS NAGAR
22,Punjab,Barnala,16,1,District & Sessions Court
22,Punjab,Bathinda,17,1,District and Sessions Courts
22,Punjab,Hoshiarpurr,18,3,DISTRICT AND SESSIONS COURT HOSHIARPUR
22,Punjab,Sangrur,19,1,District and Sessions Court
22,Punjab,Pathankot,21,1,DISTRICT AND SESSIONS COURTS
22,Punjab,Mohali,24,1,District and Sessions Courts
22,Punjab,Fazilka,26,1,District and Sessions Courts
23,Madhya Pradesh,Jabalpur,1,1,DISTRICT AND SESSIONS COURT JABALPUR MP
23,Madhya Pradesh,Narsinghpur,2,1,DISTRICT AND SESSIONS COURT NARSINGHPUR
23,Madhya Pradesh,Hoshangabad,3,1,DISTRICT AND SESSION COURT HOSHANGABAD MP
23,Madhya Pradesh,Hoshangabad,3,7,LINK COURT PACHMARI DISTRICT HOSHANGABAD
23,Madhya Pradesh,Harda,4,1,DISTRICT AND SESSIONS COURT HARDA MP
23,Madhya Pradesh,Umaria,5,1,DISTRICT AND SESSIONS COURT UMARIA
23,Madhya Pradesh,Dindori,6,1,DISTRICT AND SESSIONS COURT DINDORI
23,Madhya Pradesh,Panna,7,1,DISTRICT AND SESSIONS COURT PANNA MP
23,Madhya Pradesh,Alirajpur,8,1,DISTRICT AND SESSIONS COURT ALIRAJPUR MP
23,Madhya Pradesh,Jhabua,9,1,DISTRICT AND SESSIONS COURT JHABUA MP
23,Madhya Pradesh,Khandwa,10,1,DISTRICT AND SESSIONS COURT KHANDWA MP
23,Madhya Pradesh,Shahdol,11,1,DISTRICT AND SESSIONS COURT SHAHDOL MP
23,Madhya Pradesh,Sheopur,12,1,DISTRICT AND SESSIONS COURT SHEOPUR MP
23,Madhya Pradesh,Datia,13,1,DISTRICT AND SESSIONS COURT DATIA MP
23,Madhya Pradesh,Rajgarh,14,1,DISTRICT AND SESSIONS COURT RAJGARH MP
23,Madhya Pradesh,Morena,15,1,DISTRICT AND SESSIONS COURT MORENA MP
23,Madhya Pradesh,Mandleshwar,16,1,DISTRICT AND SESSIONS COURT MANDLESHWAR MP
23,Madhya Pradesh,Neemuch,17,1,DISTRICT AND SESSIONS COURT NEEMUCH MP
23,Madhya Pradesh,Barwani,18,1,DISTRICT AND SESSIONS COURT BARWANI MP
23,Madhya Pradesh,Shajapur,19,1,DISTRICT AND SESSIONS COURT SHAJAPUR MP
23,Madhya Pradesh,Chhindwara,20,1,DISTRICT AND SESSIONS COURT CHHINDWARA MP
23,Madhya Pradesh,Sidhi,21,1,DISTRICT AND SESSIONS COURT SIDHI MP
23,Madhya Pradesh,Anuppur,22,1,DISTRICT AND SESSIONS COURT ANUPPUR MP
23,Madhya Pradesh,Shivpuri,23,1,DISTRICT AND SESSIONS COURT SHIVPURI MP
23,Madhya Pradesh,Raisen,24,1,DISTRICT AND SESSIONS COURT RAISEN MP
23,Madhya Pradesh,Sehore,25,1,DISTRICT AND SESSIONS COURT SEHORE MP
23,Madhya Pradesh,Balaghat,26,1,DISTRICT AND SESSIONS COURT BALAGHAT MP
23,Madhya Pradesh,Damoh,27,1,DISTRICT AND SESSIONS COURT DAMOH MP
23,Madhya Pradesh,Vidisha,28,1,DISTRICT AND SESSIONS COURT VIDISHA MP
23,Madhya Pradesh,Bhind,29,1,DISTRICT AND SESSIONS COURT BHIND MP
23,Madhya Pradesh,Guna,30,1,DISTRICT AND SESSIONS COURT GUNA MP
23,Madhya Pradesh,Singrauli,31,1,DISTRICT AND SESSIONS COURT SINGRAULI MP
23,Madhya Pradesh,Satna,32,1,DISTRICT AND SESSIONS COURT SATNA MP
23,Madhya Pradesh,Seoni,33,1,DISTRICT AND SESSIONS COURT SEONI MP
23,Madhya Pradesh,Katni,34,1,DISTRICT AND SESSIONS COURT KATNI MP
23,Madhya Pradesh,Mandsaur,35,1,DISTRICT AND SESSIONS COURT MANDSAUR MP
23,Madhya Pradesh,Tikamgarh,36,1,DISTRICT AND SESSIONS COURT TIKAMGARH MP
23,Madhya Pradesh,Betul,37,1,DISTRICT AND SESSIONS COURT BETUL MP
23,Madhya Pradesh,Dhar,38,1,DISTRICT AND SESSIONS COURT DHAR MP
23,Madhya Pradesh,Chhatarpur,39,1,DISTRICT AND SESSIONS COURT CHHATARPUR MP
23,Madhya Pradesh,Dewas,40,1,DISTRICT AND SESSIONS COURT DEWAS MP
23,Madhya Pradesh,Mandla,41,1,DISTRICT AND SESSIONS COURT MANDLA MP
23,Madhya Pradesh,Ratlam,42,1,DISTRICT AND SESSIONS COURT RATLAM MP
23,Madhya Pradesh,Sagar,43,1,DISTRICT AND SESSIONS COURT SAGAR MP
23,Madhya Pradesh,Gwalior,44,1,DISTRICT AND SESSIONS COURT GWALIOR MP
23,Madhya Pradesh,Ujjain,45,1,DISTRICT AND SESSIONS COURT UJJAIN MP
23,Madhya Pradesh,Rewa,46,1,DISTRICT AND SESSIONS COURT REWA MP
23,Madhya Pradesh,Indore,47,1,DISTRICT AND SESSIONS COURT INDORE
23,Madhya Pradesh,Ashoknagr,48,1,DISTRICT AND SESSIONS COURT ASHOKNAGAR MP
23,Madhya Pradesh,Burhanpur,49,1,DISTRICT AND SESSIONS COURT BURHANPUR MP
23,Madhya Pradesh,Bhopal,50,1,DISTRICT AND SESSIONS COURT BHOPAL
24,Sikkim,Namchi,1,2,ESTABLISHMENT OF DISTRICT AND SESSIONS JUDGE (S)
24,Sikkim,Gangtok,4,2,District and  Sessions Court
25,Manipur,Imphal East,1,1,Court of District and Session
25,Manipur,Imphal West,2,1,Court of District and  Session Judge
25,Manipur,Churachandpur,6,1,District and Sessions Judge
26,Delhi,North East,1,1,District and Sessions Judge
26,Delhi,Shahdara,2,1,District and Sessions Judge
26,Delhi,East,3,1,District and Sessions Judge
26,Delhi,North,4,1,District and Sessions Judge
26,Delhi,North West,5,1,District and Sessions Judge
26,Delhi,South West,6,1,District and Sessions Judge
26,Delhi,New Delhi,7,1,District and Sessions Judge
26,Delhi,Central,8,1,District and Sessions Judge
26,Delhi,West,9,1,District and Sessions Judge
26,Delhi,South,10,1,District and Sessions Judge
26,Delhi,South East,11,1,District and Sessions Judge
27,Chandigarh,Chandigarh,1,1,DISTRICT AND SESSIONS COURT CHANDIGARH
29,Telangana,Adilabad,1,1,District and Sessions Courts
29,Telangana,Adilabad,1,10,IIIADDITIONAL DISTRICT AND SESSIONS COURT
29,Telangana,Karimnagar,3,1,Prl. District and Sessions Court
29,Telangana,Karimnagar,3,16,II Addl District and Sessions court Jagtial
29,Telangana,Karimnagar,3,24,IX Addl District and Sessions Court Sircilla
29,Telangana,Khammam,4,1,Prl  District and Sessions Judge
29,Telangana,Khammam,4,10,V Addl. District and Sessions Judge FTC
29,Telangana,Mahabubnagar,5,1,Prl.District Court
29,Telangana,Mahabubnagar,5,18,III Addl District and Sessions Court FTC
29,Telangana,Mahabubnagar,5,24,Additional District and Sessions Court
29,Telangana,Mahabubnagar,5,25,IV Addl DistandSessoins Court FTC
29,Telangana,Medak,6,1,Prl Dist and Sessions Court  Medak at Sangareddy
29,Telangana,Medak,6,11,IV Addl District and Sessions Court
29,Telangana,Medak,6,12,VIII ADDL DISTRICT AND SESSIONS JUDGE MEDAK
29,Telangana,Nalgonda,7,8,V Addl District and Sessions Judge Court
29,Telangana,Nalgonda,7,24,II Addl District Judge Court Suryapet
29,Telangana,Nizamabad,8,2,VII Addl Dist Sessions Court Bodhan
29,Telangana,Nizamabad,8,13,Prl. District And Sessions Judge Court
29,Telangana,Nizamabad,8,14,IX Addl District and Sessions Judge Court
29,Telangana,Rangareddy,9,1,Prl.District and Sessions Court
29,Telangana,Rangareddy,9,15,XII Additional District And Sessions Court
29,Telangana,Rangareddy,9,26,Addl District and Sessions Court
29,Telangana,Rangareddy,9,27,Addl District and Sessions Court
29,Telangana,Warangal,10,1,District Courts
29,Telangana,Warangal,10,8,VI Addl District and Session Judge Mahabubabad
29,Telangana,Warangal,10,15,V Addl  District Court
30,Goa,North Goa,1,1,DISTRICT AND SESSIONS COURT PANAJI
30,Goa,South Goa,2,1,DISTRICT AND SESSIONS COURT MARGAO
31,Diu and Daman,Diu,1,1,DISTRICT AND SESSIONS COURT
31,Diu and Daman,Daman,2,1,DISTRICT AND SESSIONS COURT
32,DNH at Silvasa,Silvassa,1,1,PRINCIPAL DISTRICT AND SESSIONS COURT AT
1,Maharashtra,Jalgaon,3,20,District and Additional Session Court
1,Maharashtra,Kolhapur,34,1,DISTRICT AND SESSIONS COURT KOLHAPUR.
2,Andhra Pradesh,Chittoor,3,23,XI Addl.District Court Complex
2,Andhra Pradesh,Krishna,11,28,XVI Addl  District Judges Court
3,Karnataka,VIJAYAPURA,3,10,VACATION DISTRICT JUDGE.
3,Karnataka,KOLAR,19,11,VACATION DISTRICT JUDGE
3,Karnataka,CHAMRAJNAGAR,27,1,PRL. DISTRICT AND SESSIONS JUDGE COURT
3,Karnataka,YADGIR,30,1,District and Sessions Judge
4,Kerala,Kollam,15,19,District and Sessions Court
6,Assam,Tinsukia,2,9,Addl. District and Sessions Judge
6,Assam,Barpeta,20,8,Addl. District & Sessions Judge
9,Rajasthan,Alwar,2,48,POCSO-Alwar District HQ
9,Rajasthan,Balotra Barmer,27,15,POCSO-Balotra District HQ
9,Rajasthan,Bhilwara,31,17,LABOUR BHILWARA DISTRICT HQ
9,Rajasthan,Sikar,35,34,POCSO SIKAR DISTRICT HQ
10,Tamil Nadu,Namakkal,5,7,Principal District Munsif Court
10,Tamil Nadu,Tiruchirappalli,8,17,Special District Court MCOP cases
10,Tamil Nadu,Coimbatore,18,5,Principal District Court
10,Tamil Nadu,Krishnagiri,26,12,Special District Court(MACT)
10,Tamil Nadu,Sivagangai,29,1,PRINCIPAL DISTRICT COURT
10,Tamil Nadu,Tiruvallur,32,3,Additional District and Sessions Court -IV
10,Tamil Nadu,Tiruvallur,32,10,District Munsif Court
10,Tamil Nadu,Tiruvallur,32,22,Additional District and Sessions Court-III
12,Jammu and Kashmir,Samba,21,2,Principal District Judge Samba
13,Uttar Pradesh,Bhadohi SR Nagar,22,2,District and Sessions Judge
13,Uttar Pradesh,Kanpur Dehat,51,2,District and Sessions Judge
13,Uttar Pradesh,Jhansi,66,2,District and Sessions Judge
14,Haryana,Karnal,1,1,District and Sessions Courts
14,Haryana,Bhiwani,4,12,DISTRICT AND SESSIONS COURTS
14,Haryana,Faridabad,5,1,District and Sessions Court Faridabad
14,Haryana,Hisar,7,2,District and Sessions Court
15,Uttarakhand,Haridwar,9,13,Additional District and Sessions Judge
16,West Bengal,Hooghly,2,7,ADDITIONAL DISTRICT and SESSIONS JUDGE
16,West Bengal,Jalpaiguri,4,2,District and Session Judge
16,West Bengal,Coochbehar,6,6,Addl. District and Sessions Judge 
18,Chhattisgarh,Bastar,15,1,District and Sessions Judge
20,Tripura,North Tripura,2,6,District And Sessions Judge Estt
20,Tripura,SouthTripura,3,9,District and Sessions Judge Establishment
20,Tripura,Unakoti  Tripura,5,2,The District and Sessions Judge
22,Punjab,Rupnagar,3,1,District and Sessions Courts
1,Maharashtra,Aurangabad,19,14,DISTRICT AND ADDITIONAL SESSIONS COURT
1,Maharashtra,Ahmednagar,26,24,24DISTRICT  AND SESSIONS COURT NEWASA
3,Karnataka,BELAGAVI,1,28,Vacation District Court
3,Karnataka,BIDAR,5,11,VACATION DISTRICT JUDGE  BIDAR
3,Karnataka,KOPPAL,7,1,District and Sessions Court
3,Karnataka,KOPPAL,7,9,Vacation District Court
3,Karnataka,RAMANAGARAM,28,1,PRL.DISTRICT AND SESSIONS JUDGE
5,Himachal Pradesh,Kinnaur,9,3,District & Sessions judge
6,Assam,Sivasagar,3,2,District and Sessions Judge Establishment
9,Rajasthan,Ajmer,14,44,COMMERCIAL COURT-Ajmer District HQ
10,Tamil Nadu,Namakkal,5,4,Principal District Court
12,Jammu and Kashmir,Leh,16,2,Principal District Judge
12,Jammu and Kashmir,Kargil,17,2,Principal District Judge
14,Haryana,Sonepat,13,1,District and Sessions Courts
14,Haryana,Rewari,17,1,District and Sessions Court
16,West Bengal,Murshidabad,12,8,Additional District and Session Judge
18,Chhattisgarh,Mungeli,24,1,District and Sessions Court Mungeli
29,Telangana,Adilabad,1,25,VII Addl. District and Sessions Judge Court
33,Ladakh,Kargil,1,2,Principal District Judge
33,Ladakh,Leh,2,2,Principal District Judge
4,Kerala,Ernakulam,2,47,ADDL. DISTRICT  AND SESSIONS COURT
4,Kerala,Kozhikode,5,38,Additional District Court (POCSO Act )
4,Kerala,Kottayam,10,1,District and Sessions Court
6,Assam,Bongaigaon,9,10,Additional District and Sessions Judge
6,Assam,Dima Hasao,28,1,District and Sessions Judge
9,Rajasthan,Ganganagar,7,48,POCSO -Sri Ganganagar District HQ
9,Rajasthan,Pali,19,39,POCSO-PALI DISTRICT HQ
9,Rajasthan,Jodhpur Metro,28,22,POCSO-Jodhpur Metro District HQ
9,Rajasthan,Karauli,29,18,POCSO-Karauli District HQ
9,Rajasthan,Jaiselmer,32,13,POCSO-Jaisalmer District HQ
9,Rajasthan,Jaipur District,38,26,POCSO Jaipur District HQ
10,Tamil Nadu,Thanjavur,17,1,PRINCIPAL DISTRICT COURT
10,Tamil Nadu,Tiruvallur,32,17,District Munsif Court
11,Orissa,Rayagada,21,7,Additional District Judge
11,Orissa,Boudh,24,2,District  and Sessions Judge
15,Uttarakhand,Rudraprayag,16,1,DISTRICT & SESSIONS JUDGE
16,West Bengal,Coochbehar,6,10,Addl. District & Sessions Judge 
22,Punjab,Tarn Taran,23,1,District and Sessions Courts
24,Sikkim,Gyalshing,3,4,ESTABLISHMENT OF DISTRICT AND SESSIONS JUDGE
25,Manipur,Bishnupur,3,1,Court of District and Session
25,Manipur,Thoubal,4,1,Court of District and Sessions Judge
29,Telangana,Adilabad,1,20,VI Addl. District and Sessions Judge
29,Telangana,Adilabad,1,23,II Addl. Dist. and Sessions FTC Court Mancherial
1,Maharashtra,Wardha,8,11,DISTRICT AND SESSIONS COURT
1,Maharashtra,Pune,25,24,ADDL. DISTRICT COURT
1,Maharashtra,Solapur,30,21,Additional District Court
2,Andhra Pradesh,East Godavari,4,3,III Addl. District And Sessions
6,Assam,Chirang,25,1,District And Session Judge Establishment
9,Rajasthan,Bikaner,6,25,POCSO Bikaner District HQ
9,Rajasthan,Jalore,21,15,POCSO-Jalore District HQ
9,Rajasthan,Balotra Barmer,27,22,FC-Balotra District HQ
9,Rajasthan,Churu,33,27,POCSO-CHURU District HQ
10,Tamil Nadu,Salem,12,26,Principal District Munsif
10,Tamil Nadu,Tiruvallur,32,31,Special District Court for MCOP Cases
11,Orissa,Anugul,27,13,Addl.District and Sessions Judge
16,West Bengal,Coochbehar,6,17,Additional District and Sessions Judge
16,West Bengal,Nadia,22,9,Addl. District Judge
17,Gujarat,Banaskanth at Palanpur,19,19,Additional District Court  DEODAR
17,Gujarat,BOTAD,43,1,botad_district
21,Meghalaya,West Khasi Hills,7,1,District And Sessions Judge
24,Sikkim,Mangan,2,4,ESTABLISHMENT OF DISTRICT AND SESSIONS JUDGE NORTH
25,Manipur,Senapati,5,1,Court of District and Sessions
1,Maharashtra,Buldhana,4,9,District Judge-1
4,Kerala,Kollam,15,21,Addl.District and Sessions Court-III
9,Rajasthan,Bharatpur,13,32,POCSO-Bharatpur District HQ
9,Rajasthan,Jalore,21,2,DJ ADJ- Jalore District HQ
9,Rajasthan,Jaipur District,38,27,ADJ-dudu
10,Tamil Nadu,Viluppuram,10,19,Special District Court (MCOP)
13,Uttar Pradesh,Moradabad,54,2,District and Sessions Court Moradabad
22,Punjab,Mansa,13,1,District and Sessions Courts
9,Rajasthan,Tonk,5,28,POCSO-Tonk District HQ
9,Rajasthan,Hanumangarh,11,26,POCSO-Hanumangarh District HQ
10,Tamil Nadu,Kanniyakumari,7,22,Additional District Court
16,West Bengal,Hooghly,2,3,DISTRICT & SESSION JUDGE
3,Karnataka,KOPPAL,7,11,Addl District and Sessions Court
9,Rajasthan,Bhilwara,31,17,LABOUR - bhilwara District HQ
11,Orissa,Kandhamal,23,2,District and Sessions Judge
11,Orissa,Kandhamal,23,9,Addl.District & Sessions Judge
14,Haryana,Narnaul,11,1,District and Sessions Courts
22,Punjab,Barnala,16,1,District and Sessions Court
23,Madhya Pradesh,Chhindwara,20,5,ADD. DISTRICT AND SESSION COURT CHORAI
6,Assam,Udalguri,24,4,Additional District And Sessions Judge
9,Rajasthan,Rajsamand,1,32,POCSO-Rajsamand District HQ
9,Rajasthan,Merta (Nagaur),8,42,POCSO-Merta District HQ
9,Rajasthan,Udaipur,9,49,POCSO-Udaipur District HQ
9,Rajasthan,Baran,12,28,POCSO-Baran District HQ
9,Rajasthan,Ajmer,14,45,POCSO-Ajmer District HQ
9,Rajasthan,Jhalawar,22,29,POCSO - Jhalawar District HQ
9,Rajasthan,Pratapgarh,23,14,POCSO-PRATAPGARH DISTRICT HQ
9,Rajasthan,Dungarpur,24,17,POCSO-Dungarpur District HQ
9,Rajasthan,Sirohi,26,25,POCSO-Sirohi District HQ
9,Rajasthan,Chittorgarh,30,38,POCSO-Chittorgarh District HQ
9,Rajasthan,Bhilwara,31,42,POCSO- Bhilwara District HQ
9,Rajasthan,Dholpur,34,16,POCSO-Dholpur District HQ
9,Rajasthan,Jaipur District,38,38,ADJ - Chomu
9,Rajasthan,Jodhpur District,39,25,POCSO-Jodhpur District HQ
10,Tamil Nadu,Kancheepuram,31,15,District Munsif
14,Haryana,Jhajjar,8,1,District and Sessions Judge Jhajjar
14,Haryana,Panchkula,14,1,DISTRICT AND  SESSIONS COURTS
14,Haryana,Fatehabad,15,1,District  and Sessions Court
15,Uttarakhand,Almora,7,10,Additional District Judge Ranikhet
17,Gujarat,Banaskanth at Palanpur,19,23,ADDITIONAL DISTRICT COURT
24,Sikkim,Gangtok,4,2,District and Sessions Court
29,Telangana,Rangareddy,9,26,Addl District and Sessions Court
