state_code,state_name,district_name,dist_code,court_no,court_name
2,Andhra Pradesh,Ananthapur,2,1,District Court Complex
2,Andhra Pradesh,Chittoor,3,1,PRINCIPAL DISTRICT AND SESSIONS JUDGE
2,Andhra Pradesh,East Godavari,4,1,Prl. District Court
2,Andhra Pradesh,Guntur,5,1,District Court
2,Andhra Pradesh,Guntur,5,17,DISTRICT COURT TENALI
2,Andhra Pradesh,Kadapa,7,1,District and Sessions Courts
2,Andhra Pradesh,Kurnool,10,1,Prl.District and Sessions Court
2,Andhra Pradesh,Krishna,11,6,Prl. District Court
2,Andhra Pradesh,Nellore,15,1,District and Sessions Courts
2,Andhra Pradesh,Prakasham,17,1,PRL. DISTRICT JUDGE COURT
2,Andhra Pradesh,Srikakulam,19,1,Prl. District Court
2,Andhra Pradesh,Visakapatnam,20,1,PRINCIPAL DISTRICT  AND SESSIONS JUDGE
2,Andhra Pradesh,Vizianagaram,21,1,PRINCIPAL DISTRICT JUDGE COURT
2,Andhra Pradesh,West Godavari,23,1,Principal District and Sessions Court
6,Assam,Tinsukia,2,2,District and Sessions Judge
6,Assam,Sivasagar,3,2,District and Sessions Judge Court
6,Assam,Morigaon,4,2,District and Sessions Judge
6,Assam,Lakhimpur,5,2,District and Sessions Judge
6,Assam,Sonitpur,6,2,District and Sessions Judge Sonitpur Tezpur
6,Assam,Dibrugarh,7,2,District and Sessions Judge
6,Assam,Darrang,8,2,District and Sessions Judge
6,Assam,Bongaigaon,9,3,District And Sessions Judge
6,Assam,Nagaon,10,2,District and Sessions Judge
6,Assam,Jorhat,11,2,District and Sessions Judge
6,Assam,Karimganj,12,1,District and Sessions Judge Court Karimganj
6,Assam,Cachar,13,1,District And Sessions Judge Court
6,Assam,Nalbari,15,1,District and Sessions Judge
6,Assam,Dhubri,16,1,District and Sessions Judge
6,Assam,Dhemaji,17,1,District and Sessions Judge
6,Assam,Goalpara,18,1,District and Sessions Judge
6,Assam,Barpeta,20,1,District and Sessions Judge
6,Assam,Hailakandi,21,1,District and Sessions Judge
6,Assam,Kokrajhar,22,1,District and Sessions Judge
6,Assam,Kamrup,23,2,District and Sessions Judge
6,Assam,Udalguri,24,3,District And Sessions Court
6,Assam,Karbi Anglong,26,1,District and Sessions Judge
6,Assam,Baksa,27,1,District and Sessions Judge
6,Assam,Dima Hasao,28,1,District and Sessions Judge
6,Assam,Chirang,25,1,District And Session Judge Establishment
6,Assam,Kamrup Metro,1,4,Dist Judge and Addl Dist Judges
6,Assam,Golaghat,19,1,GLT_DJ_ESTT
8,Bihar,Samastipur,3,2,District and Sessions Judge
8,Bihar,Darbhanga,17,5,District Sessions Judge Sub-Division
8,Bihar,Madhubani,18,4,District & Sessions Judge
8,Bihar,Sitamarhi,31,1,District and Sessions Judge
8,Bihar,Bhojpur,33,1,District and Sessional Judge Div.
8,Bihar,Bhagalpur,34,4,District and Sessional Judge Div.
8,Bihar,Gaya,35,1,District and Sessions Judge Div.
8,Bihar,Jehanabad,36,1,District and Sessional Judge Div.
8,Bihar,Patna,1,11,Barh D.J Div.
8,Bihar,Kaimur at Bhabhua,2,2,D J Division
8,Bihar,Saran at Chapra,4,2,D J  Division Saran at Chapra
8,Bihar,Katihar,5,3,D J Division
8,Bihar,Begusarai,6,2,D J Division
8,Bihar,Begusarai,6,5,D J Division
8,Bihar,Banka,7,2,D J Division
8,Bihar,Purnea,9,2,DJ DIVISION
8,Bihar,Motihari,10,1,DJ Division
8,Bihar,Munger,11,1,D J Division
8,Bihar,Madhepura,12,2,D.J. Establishment
8,Bihar,Rohtas Sasaram,13,1,D.J. Division
8,Bihar,Khagaria,14,1,DJ Division
8,Bihar,Jamui,15,3,DJ Division
8,Bihar,Lakhisarai,19,2,DJ Division
8,Bihar,Sheikhpura,20,1,DJ Division Sheikhpura
8,Bihar,Saharsa,21,2,DJ Division
8,Bihar,Supaul,22,2,DJ Division
8,Bihar,Gopalganj,23,2,DJ Division
8,Bihar,Araria,24,1,DJ DIVISION
8,Bihar,Kishanganj,25,1,DJ DIVISION
8,Bihar,Buxar,26,1,DJ Division
8,Bihar,Nawada,27,1,DJ DIVISION
8,Bihar,Bettiah,28,2,D J Bettiah Division
8,Bihar,Siwan,29,1,DJ Division
8,Bihar,Nalanda,30,1,Dj Division
8,Bihar,Nalanda,30,4,D.J Division
8,Bihar,Sheohar,37,1,Sheohar D.J Div.
8,Bihar,Muzaffarpur,38,1,DJ Division
8,Bihar,Vaishali,39,1,DJ Division
8,Bihar,Rohtas Sasaram,13,5,DJ Div
27,Chandigarh,Chandigarh,1,1,DISTRICT AND SESSIONS COURT CHANDIGARH
18,Chhattisgarh,Korba,1,1,District and Sessions Judge Korba
18,Chhattisgarh,Bilaspur,2,1,District and Sessions Judge
18,Chhattisgarh,Raipur,3,1,District and Sessions Court
18,Chhattisgarh,Surguja,4,1,District and Sessions Court Surguja CG
18,Chhattisgarh,Dhamtari,5,1,District and Sessions Court Dhamtari
18,Chhattisgarh,Raigarh,6,1,District and Sessions Court Raigarh
18,Chhattisgarh,Durg,7,1,District and Sessions Court
18,Chhattisgarh,Kawardha,9,1,District and Session Judge Kabirdham
18,Chhattisgarh,Rajnandgaon,10,1,District And Sessions Judge Rajnandgaon
18,Chhattisgarh,Koriya,11,1,District and Sessions judge
18,Chhattisgarh,Mahasamund,12,1,District and Sessions Court Mahasamund
18,Chhattisgarh,Kanker,13,1,District And Sessions Judge
18,Chhattisgarh,Jashpur,16,1,District And Sessions Judge Jashpur
18,Chhattisgarh,Dantewada,17,1,District and Sessions Court
18,Chhattisgarh,Janjgir,18,1,DISTRICT AND SESSION COURT JANJGIR
18,Chhattisgarh,Balod,19,1,District and Sessions Court
18,Chhattisgarh,Bemetara,20,1,District and Sessions Court
18,Chhattisgarh,Surajpur,21,3,District and Sessions Judge Surajpur
18,Chhattisgarh,Kondagaon,22,1,District And Sessions Court Kondagaon
18,Chhattisgarh,Balodabazar,23,1,DISTRICT AND SESSION JUDGE EST.
18,Chhattisgarh,Balodabazar,23,5,DISTRICT AND SESSION JUDGE EST.
18,Chhattisgarh,Balrampur Ramanujganj,25,3,Distt and Sessions Court
18,Chhattisgarh,Bastar,15,1,District and Sessions Judge
18,Chhattisgarh,Mungeli,24,1,District and Sessions Court Mungeli
26,Delhi,North East,1,1,District and Sessions Judge
26,Delhi,Shahdara,2,1,District and Sessions Judge
26,Delhi,East,3,1,District and Sessions Judge
26,Delhi,North,4,1,District and Sessions Judge
26,Delhi,North West,5,1,District and Sessions Judge
26,Delhi,South West,6,1,District and Sessions Judge
26,Delhi,New Delhi,7,1,District and Sessions Judge
26,Delhi,Central,8,1,District and Sessions Judge
26,Delhi,West,9,1,District and Sessions Judge
26,Delhi,South,10,1,District and Sessions Judge
26,Delhi,South East,11,1,District and Sessions Judge
31,Diu and Daman,Diu,1,1,DISTRICT AND SESSIONS COURT
31,Diu and Daman,Daman,2,1,DISTRICT AND SESSIONS COURT
32,DNH at Silvasa,Silvassa,1,1,PRINCIPAL DISTRICT AND SESSIONS COURT AT
30,Goa,North Goa,1,1,DISTRICT AND SESSIONS COURT PANAJI
30,Goa,South Goa,2,1,DISTRICT AND SESSIONS COURT MARGAO
17,Gujarat,GANDHINAGAR,11,1,Gandhinagar District
17,Gujarat,Ahmedabad,13,1,AHMEDABAD DISTRICT COURT
17,Gujarat,SURAT,14,1,District Court
17,Gujarat,Mahesana,15,1,DISTRICT COURT
17,Gujarat,RAJKOT,16,1,DISTRICT COURT - RAJKOT
17,Gujarat,Amreli,17,1,DISTRICT AND SESSIONS COURT AMRELI
17,Gujarat,Anand,18,1,DISTRICT COURT
17,Gujarat,Banaskanth at Palanpur,19,1,DISTRICT AND SESSION COURT PALANPUR
17,Gujarat,Bharuch,20,1,DISTRICT COURT
17,Gujarat,Bhavnagar,21,1,bhavnagar_district Court
17,Gujarat,Dahod,22,1,dahod_district
17,Gujarat,Jamnagar,23,1,DISTRICT AND SESSIONS COURT
17,Gujarat,Junagadh,24,1,DISTRICT COURT
17,Gujarat,Kheda at Nadiad,25,1,DISTRICT COURT
17,Gujarat,kachchh at Bhuj,26,1,District and Sessions Court Bhuj
17,Gujarat,Panchmahal at Godhra,27,1,District Court
17,Gujarat,Patan,28,1,DISTRICT AND SESSIONS COURT PATAN
17,Gujarat,Sabarkantha at Himmatnagar,29,1,DISTRICT AND SESSIONS COURT
17,Gujarat,Surendranagar,30,1,District Court
17,Gujarat,Vadodara,31,1,vadodara_district Court
17,Gujarat,Navsari,32,1,navsari_district Court
17,Gujarat,Narmada,33,1,DISTRICT COURT
17,Gujarat,Tapi,34,1,tapi_district Court
17,Gujarat,Valsad,35,1,valsad_district Court
17,Gujarat,Porbandar,36,1,DISTRICT AND SESSIONS COURT
17,Gujarat,Gir Somnath at Veraval,37,1,District Court Veraval
17,Gujarat,Aravalli at Modasa,38,7,Principal District Court Arvalli
17,Gujarat,MORBI,39,1,District  Court - Morbi
17,Gujarat,Devbhumi Dwarka at Khambhaliya,40,1,DISTRICT COURT DEVBHUMI DWARKA
17,Gujarat,Chhota Udepur,41,1,DISTRICT COURT
17,Gujarat,Mahisagar at Lunawada,42,3,DISTRICT COURT
17,Gujarat,BOTAD,43,1,botad_district
14,Haryana,Sirsa,2,1,District and Sessions Courts
14,Haryana,Ambala,3,1,District and Sessions Court
14,Haryana,Faridabad,5,1,District and Sessions Courts
14,Haryana,Gurugram,6,1,District and Sessions Court
14,Haryana,Jhajjar,8,1,District and Sessions Courts
14,Haryana,Jind,9,1,District and Sessions Court
14,Haryana,Kurukshetra,10,1,District  and Sessions Court
14,Haryana,Rohtak,12,1,District and Sessions Court Rohtak
14,Haryana,Kaithal,16,1,District & Session Judge
14,Haryana,Panipat,18,1,District and Sessions Court Panipat
14,Haryana,Karnal,1,1,District and Sessions Courts
14,Haryana,Bhiwani,4,12,DISTRICT AND SESSIONS COURTS
14,Haryana,Hisar,7,2,District and Sessions Court
14,Haryana,Sonepat,13,1,District and Sessions Courts
14,Haryana,Rewari,17,1,District and Sessions Court
14,Haryana,Narnaul,11,1,District and Sessions Courts
14,Haryana,Panchkula,14,1,DISTRICT AND  SESSIONS COURTS
14,Haryana,Fatehabad,15,1,District  and Sessions Court
14,Haryana,Nuh,19,1,Session Court Complex Mewat
14,Haryana,Yamunanagar,20,1,Sessions Courts Yamunanagar
14,Haryana,Palwal,23,1,Sessions Courts Complex Palwal
5,Himachal Pradesh,Hamirpur,1,1,DISTRICT AND SESSIONS COURT HAMIRPUR
5,Himachal Pradesh,Kangra,2,1,District and Sessions Court
5,Himachal Pradesh,Una,4,1,District and Sessions Judge
5,Himachal Pradesh,Solan,5,1,District and Sessions Court
5,Himachal Pradesh,Solan,5,11,District  & Sessions Judge
5,Himachal Pradesh,Mandi,6,17,District and Sessions Court
5,Himachal Pradesh,Bilaspur,7,1,District and Sessions Court
5,Himachal Pradesh,Chamba,8,1,District and Sessions Judge Chamba
5,Himachal Pradesh,Kinnaur,9,2,District  and Sessions Judge
5,Himachal Pradesh,Kullu,10,1,District and Session Judge
5,Himachal Pradesh,Shimla,11,9,District and Sessions Judge Rohru
5,Himachal Pradesh,Shimla,11,10,District and Sessions Judge Shimla
5,Himachal Pradesh,Kinnaur,9,3,District & Sessions judge
12,Jammu and Kashmir,Kathua,1,2,Principal District Judge
12,Jammu and Kashmir,Udhampur,2,2,Pr. District Judge
12,Jammu and Kashmir,Baramulla,3,3,Principal District Judge
12,Jammu and Kashmir,Anantnag,4,2,Principal District Judge
12,Jammu and Kashmir,Pulwama,6,2,Principal District Judge
12,Jammu and Kashmir,Ganderbal,7,3,Principal District Judge
12,Jammu and Kashmir,Budgam,8,2,Principal District Judge
12,Jammu and Kashmir,Reasi,9,2,Principal District Judge
12,Jammu and Kashmir,Shopian,10,2,Principal District Judge Shopian
12,Jammu and Kashmir,Kupwara,11,2,Principal District Judge
12,Jammu and Kashmir,Kupwara,11,5,Principal District Judge
12,Jammu and Kashmir,Poonch,12,2,Pr Distt judge
12,Jammu and Kashmir,Rajouri,13,2,Principal District Judge
12,Jammu and Kashmir,Ramban,14,2,Principal District Judge
12,Jammu and Kashmir,Doda,15,2,Principal District Judge
12,Jammu and Kashmir,Doda,15,7,Principal District Judge
12,Jammu and Kashmir,Bandipora,18,2,Principal District Judge
12,Jammu and Kashmir,Jammu,19,2,Principal District Judge
12,Jammu and Kashmir,Kulgam,20,2,Principal District Judge
12,Jammu and Kashmir,Samba,21,2,Principal District Judge
12,Jammu and Kashmir,Kishtwar,22,2,Principal District Judge
12,Jammu and Kashmir,Leh,16,2,Principal District Judge
12,Jammu and Kashmir,Kargil,17,2,Principal District Judge
12,Jammu and Kashmir,Srinagar,5,3,Sessions Judge
7,Jharkhand,Bokaro,1,2,Principal District and  Sessions Judge
7,Jharkhand,Dumka,2,2,District and Sessions Courts
7,Jharkhand,Koderma,3,1,Principal District  Sessions Judge
7,Jharkhand,West Singhbhum at Chaibasa,4,2,District And Sessions Court
7,Jharkhand,Gumla,5,1,District and Sessions Court
7,Jharkhand,Godda,6,2,District and Sessions Courts
7,Jharkhand,Hazaribagh,7,2,Principal District & Sessions Judge Hazaribag
7,Jharkhand,Lohardaga,8,4,Principal District Judge
7,Jharkhand,Dhanbad,9,4,District and Sessions Judge Dhanbad
7,Jharkhand,Giridih,10,1,District And Sessions Courts Giridih
7,Jharkhand,East Singhbhum at Jamshedpur,11,1,District and Sessions Courts
7,Jharkhand,Jamtara,12,1,District and Sessions Courts
7,Jharkhand,Pakur,14,1,DISTRICT AND SESSIONS COURT PAKUR
7,Jharkhand,Seraikella,15,1,District And Sessions Court
7,Jharkhand,Daltonganj,17,1,Principal District and Sessions Judge Palamau
7,Jharkhand,Simdega,18,1,District And Sessions Court
7,Jharkhand,Latehar,19,1,District and Sessions Courts
7,Jharkhand,Garhwa,20,1,Principal District Judge
7,Jharkhand,Sahibganj,21,1,Principal District Judge Espb
7,Jharkhand,RAMGARH,23,1,District and Sessions Judge Courts
7,Jharkhand,KHUNTI,24,1,Principal District and Sessions Judge Khunti
7,Jharkhand,Chatra,13,1,P.D.J. ESTABLISHMENT CHATRA JHARKHAND
7,Jharkhand,Deoghar,16,1,{PDJ Establishment Deoghar Jharkhand}
3,Karnataka,BELAGAVI,1,1,Prl.  District and Session Judge
3,Karnataka,BAGALKOT,2,1,PRL. DISTRICT AND SESSION JUDGE
3,Karnataka,VIJAYAPURA,3,1,PRL. DISTRICT AND SESSIONS COURT
3,Karnataka,KALABURAGI,4,1,Prl Dist and Sessions Court Kalaburagi
3,Karnataka,BIDAR,5,1,District and Sessions Court
3,Karnataka,RAICHUR,6,1,PRL DISTRICT AND SESSIONS JUDGE
3,Karnataka,KOPPAL,7,1,Prl.District and Sessions Court Koppal
3,Karnataka,GADAG,8,1,Prl District and Sessions Judge
3,Karnataka,DHARWAD,9,1,PRL. DISTRICT AND SESSIONS JUDGE
3,Karnataka,UTTARA KANNADA,10,1,PRL. DISTRICT AND SESSIONS JUDGE COURT
3,Karnataka,HAVERI,11,1,Prl District and Sessions Judge
3,Karnataka,BALLARI,12,1,PRL DISTRICT AND SESSIONS JUDGE
3,Karnataka,CHITRADURGA,13,1,Prl. District and Sessions Judge
3,Karnataka,DAVANGERE,14,1,PRL DISTRICT AND SESSION JUDGE
3,Karnataka,SHIVAMOGGA,15,1,Prl. District and Sessions Judge.
3,Karnataka,UDUPI,16,1,PRL. DISTRICT AND SESSIONS JUDGE
3,Karnataka,CHIKKAMAGALURU,17,1,PRL.DISTRICT AND SESSIONS JUDGE
3,Karnataka,TUMAKURU,18,1,Prl. District and Sessions Judge
3,Karnataka,KOLAR,19,1,PRL.DISTRICT AND SESSIONS JUDGE
3,Karnataka,BENGALURU RURAL,21,1,PRL. DISTRICT AND SESSION JUDGE
3,Karnataka,MANDYA,22,1,PRL. DISTRICT AND SESSIONS JUDGE
3,Karnataka,HASSAN,23,1,Prl.District and Sessions Judge
3,Karnataka,DAKSHINA KANNADA,24,17,PRL. DISTRICT  AND SESSIONS JUDGE
3,Karnataka,KODAGU,25,1,PRL. DISTRICT AND SESSIONS JUDGE
3,Karnataka,MYSURU,26,3,PRL. DISTRICT AND SESSIONS JUDGE
3,Karnataka,RAMANAGARAM,28,1,PRL.DISTRICT AND SESSIONS JUDGE
3,Karnataka,CHIKKABALLAPUR,29,1,Prl. District and Sessions Court
3,Karnataka,YADGIR.,30,1,District and Sessions Judge
3,Karnataka,CHAMRAJNAGAR,27,1,PRL. DISTRICT AND SESSIONS JUDGE COURT
3,Karnataka,BENGALURU,20,3,PRL. CITY CIVIL AND SESSIONS JUDGE
3,Karnataka,BENGALURU,20,7,PRL. CITY CIVIL AND SESSIONS JUDGE
4,Kerala,Kasaragod,1,1,PRINCIPAL DISTRICT AND SESSIONS COURT
4,Kerala,Ernakulam,2,1,DISTRICT AND SESSIONS COURT
4,Kerala,Kannur,3,1,District and Sessions Court
4,Kerala,Thrissur,4,1,DISTRICT COURT ESTABLISHMENT
4,Kerala,Kozhikode,5,1,District and Sessions Court
4,Kerala,Alappuzha,6,1,District and Sessions Court
4,Kerala,Idukki,7,1,District and sessions court Thodupuzha
4,Kerala,Palakkad,8,1,DISTRICT AND SESSIONS COURT PALAKKAD
4,Kerala,Thiruvananthapuram,9,1,District and Sessions Court
4,Kerala,Kottayam,10,1,District and Sessions Court
4,Kerala,Malappuram,11,1,District and Sessions Court
4,Kerala,Pathanamthitta,12,1,DISTRICT AND SESSIONS COURT PATHANAMTHITTA
4,Kerala,Lakshadweep,13,1,District and Sessions Court
4,Kerala,Wayanad,16,1,DISTRICT COURT
4,Kerala,Kollam,15,19,District and Sessions Court
33,Ladakh,Kargil,1,2,Principal District Judge
33,Ladakh,Leh,2,2,Principal District Judge
23,Madhya Pradesh,Jabalpur,1,1,DISTRICT AND SESSIONS COURT JABALPUR MP
23,Madhya Pradesh,Narsinghpur,2,1,DISTRICT AND SESSIONS COURT NARSINGHPUR
23,Madhya Pradesh,Hoshangabad,3,1,DISTRICT AND SESSION COURT HOSHANGABAD MP
23,Madhya Pradesh,Harda,4,1,DISTRICT AND SESSIONS COURT HARDA MP
23,Madhya Pradesh,Umaria,5,1,DISTRICT AND SESSIONS COURT UMARIA
23,Madhya Pradesh,Dindori,6,1,DISTRICT AND SESSIONS COURT DINDORI
23,Madhya Pradesh,Panna,7,1,DISTRICT AND SESSIONS COURT PANNA MP
23,Madhya Pradesh,Alirajpur,8,1,DISTRICT AND SESSIONS COURT ALIRAJPUR MP
23,Madhya Pradesh,Jhabua,9,1,DISTRICT AND SESSIONS COURT JHABUA MP
23,Madhya Pradesh,Khandwa,10,1,DISTRICT AND SESSIONS COURT KHANDWA MP
23,Madhya Pradesh,Shahdol,11,1,DISTRICT AND SESSIONS COURT SHAHDOL MP
23,Madhya Pradesh,Sheopur,12,1,DISTRICT AND SESSIONS COURT SHEOPUR MP
23,Madhya Pradesh,Datia,13,1,DISTRICT AND SESSIONS COURT DATIA MP
23,Madhya Pradesh,Rajgarh,14,1,DISTRICT AND SESSIONS COURT RAJGARH MP
23,Madhya Pradesh,Morena,15,1,DISTRICT AND SESSIONS COURT MORENA MP
23,Madhya Pradesh,Mandleshwar,16,1,DISTRICT AND SESSIONS COURT MANDLESHWAR MP
23,Madhya Pradesh,Neemuch,17,1,DISTRICT AND SESSIONS COURT NEEMUCH MP
23,Madhya Pradesh,Barwani,18,1,DISTRICT AND SESSIONS COURT BARWANI MP
23,Madhya Pradesh,Shajapur,19,1,DISTRICT AND SESSIONS COURT SHAJAPUR MP
23,Madhya Pradesh,Chhindwara,20,1,DISTRICT AND SESSIONS COURT CHHINDWARA MP
23,Madhya Pradesh,Sidhi,21,1,DISTRICT AND SESSIONS COURT SIDHI MP
23,Madhya Pradesh,Anuppur,22,1,DISTRICT AND SESSIONS COURT ANUPPUR MP
23,Madhya Pradesh,Shivpuri,23,1,DISTRICT AND SESSIONS COURT SHIVPURI MP
23,Madhya Pradesh,Raisen,24,1,DISTRICT AND SESSIONS COURT RAISEN MP
23,Madhya Pradesh,Sehore,25,1,DISTRICT AND SESSIONS COURT SEHORE MP
23,Madhya Pradesh,Balaghat,26,1,DISTRICT AND SESSIONS COURT BALAGHAT MP
23,Madhya Pradesh,Damoh,27,1,DISTRICT AND SESSIONS COURT DAMOH MP
23,Madhya Pradesh,Vidisha,28,1,DISTRICT AND SESSIONS COURT VIDISHA MP
23,Madhya Pradesh,Bhind,29,1,DISTRICT AND SESSIONS COURT BHIND MP
23,Madhya Pradesh,Guna,30,1,DISTRICT AND SESSIONS COURT GUNA MP
23,Madhya Pradesh,Singrauli,31,1,DISTRICT AND SESSIONS COURT SINGRAULI MP
23,Madhya Pradesh,Satna,32,1,DISTRICT AND SESSIONS COURT SATNA MP
23,Madhya Pradesh,Seoni,33,1,DISTRICT AND SESSIONS COURT SEONI MP
23,Madhya Pradesh,Katni,34,1,DISTRICT AND SESSIONS COURT KATNI MP
23,Madhya Pradesh,Mandsaur,35,1,DISTRICT AND SESSIONS COURT MANDSAUR MP
23,Madhya Pradesh,Tikamgarh,36,1,DISTRICT AND SESSIONS COURT TIKAMGARH MP
23,Madhya Pradesh,Betul,37,1,DISTRICT AND SESSIONS COURT BETUL MP
23,Madhya Pradesh,Dhar,38,1,DISTRICT AND SESSIONS COURT DHAR MP
23,Madhya Pradesh,Chhatarpur,39,1,DISTRICT AND SESSIONS COURT CHHATARPUR MP
23,Madhya Pradesh,Dewas,40,1,DISTRICT AND SESSIONS COURT DEWAS MP
23,Madhya Pradesh,Mandla,41,1,DISTRICT AND SESSIONS COURT MANDLA MP
23,Madhya Pradesh,Ratlam,42,1,DISTRICT AND SESSIONS COURT RATLAM MP
23,Madhya Pradesh,Sagar,43,1,DISTRICT AND SESSIONS COURT SAGAR MP
23,Madhya Pradesh,Gwalior,44,1,DISTRICT AND SESSIONS COURT GWALIOR MP
23,Madhya Pradesh,Ujjain,45,1,DISTRICT AND SESSIONS COURT UJJAIN MP
23,Madhya Pradesh,Rewa,46,1,DISTRICT AND SESSIONS COURT REWA MP
23,Madhya Pradesh,Indore,47,1,DISTRICT AND SESSIONS COURT INDORE
23,Madhya Pradesh,Ashoknagr,48,1,DISTRICT AND SESSIONS COURT ASHOKNAGAR MP
23,Madhya Pradesh,Burhanpur,49,1,DISTRICT AND SESSIONS COURT BURHANPUR MP
23,Madhya Pradesh,Bhopal,50,1,DISTRICT AND SESSIONS COURT BHOPAL
1,Maharashtra,Nandurbar,1,3,DISTRICT AND SESSIONS COURT
1,Maharashtra,Dhule,2,1,DISTRICT AND SESSIONS COURT
1,Maharashtra,Jalgaon,3,2,DISTRICT AND SESSIONS COURT JALGAON
1,Maharashtra,Buldhana,4,1,DISTRICT COURT
1,Maharashtra,Akola,5,1,Principal District and Sessions Judge
1,Maharashtra,Amravati,7,1,DISTRICT  AND SESSIONS COURT AMRAVATI
1,Maharashtra,Wardha,8,1,DISTRICT AND SESSIONS COURT WARDHA.
1,Maharashtra,Nagpur,9,1,DISTRICT  AND  SESSIONS COURT NAGPUR
1,Maharashtra,Bhandara,10,1,DISTRICT  SESSIONS COURT BHANDARA
1,Maharashtra,Gondia,11,3,DISTRICT COURT
1,Maharashtra,Gadchiroli,12,1,DISTRICT AND SESSIONS COURT GADCHIROLI.
1,Maharashtra,Chandrapur,13,1,DISTRICT AND SESSIONS COURT CHANDRAPUR MAH.
1,Maharashtra,Yavatmal,14,1,District and Sessions Court
1,Maharashtra,Nanded,15,2,DISTRICT  AND SESSIONS COURT NANDED
1,Maharashtra,Parbhani,17,1,DISTRICT  SESSIONS COURT PARBHANI.
1,Maharashtra,Jalna,18,1,District  and Sessions Court Jalna
1,Maharashtra,Aurangabad,19,4,DISTRICT AND SESSIONS COURT AURANGABAD.
1,Maharashtra,Nashik,20,1,DISTRICT AND SESSIONS COURT NASHIK.
1,Maharashtra,Thane,21,1,DISTRICT AND SESSIONS COURT
1,Maharashtra,Raigad,24,1,DISTRICT COURT RAIGAD-ALIBAG
1,Maharashtra,Pune,25,1,DISTRICT AND SESSIONS COURT PUNE MAHARASHTRA
1,Maharashtra,Ahmednagar,26,1,District and Sessions Court
1,Maharashtra,Ahmednagar,26,9,District  And Sessions Court
1,Maharashtra,Beed,27,1,DIST.AND SESSION COURT BEED
1,Maharashtra,Latur,28,1,District  and Sessions Court
1,Maharashtra,Osmanabad,29,1,PRINCIPAL DISTRICT  AND SESSIONS COURT
1,Maharashtra,Solapur,30,12,District and Sessions Court
1,Maharashtra,Satara,31,1,DISTRICT  SESSIONS COURT SATARA.
1,Maharashtra,Satara,31,17,District and Sessions Court
1,Maharashtra,Ratnagiri,32,1,PRINCIPAL DISTRICT  SESSIONS JUDGE RATNAGIRI.
1,Maharashtra,Sindhudurg,33,1,District and Sessions Court Sindhudurg
1,Maharashtra,Kolhapur,34,1,DISTRICT AND SESSIONS COURT KOLHAPUR
1,Maharashtra,Sangli,35,13,DISTRICT AND SESSIONS COURT SANGLI
1,Maharashtra,Washim,36,1,Principal District and Sessions Court
1,Maharashtra,Wardha,8,11,DISTRICT AND SESSIONS COURT
1,Maharashtra,Mumbai City Civil Court,37,2,CITY CIVIL AND SESSION COURT MUMBAI
1,Maharashtra,Mah State Cooperative Appellat,41,17,THE DISTRICT CO-OPERATIVE COURT SATARA
25,Manipur,Imphal East,1,1,Court of District and Session
25,Manipur,Imphal West,2,1,Court of District and  Session Judge
25,Manipur,Churachandpur,6,1,District and Sessions Judge
25,Manipur,Bishnupur,3,1,Court of District and Session
25,Manipur,Thoubal,4,1,Court of District and Sessions Judge
25,Manipur,Senapati,5,1,Court of District and Sessions
21,Meghalaya,East Khasi Hills,1,2,District  Sessions Judge Shillong
21,Meghalaya,West Garo Hills,2,1,District and Sessions Judge Tura
21,Meghalaya,West Jaintia Hills,3,3,District and Session Court
21,Meghalaya,East Garo Hills,4,1,District and Sessions Judge Williamnagar
21,Meghalaya,Ri Bhoi,5,2,District and Sessions Judge Nongpoh
21,Meghalaya,West Khasi Hills,7,1,District And Sessions Judge
19,Mizoram,Aizawl,1,3,Dst. Judge and Addl. Dst. Judges
19,Mizoram,Lunglei,2,2,District Judge & Addl. Dist. Judges
11,Orissa,Cuttack,1,4,District and Sessions Court
11,Orissa,Kendrapada,2,2,District and Sessions Judge
11,Orissa,Nuapada,3,2,District and  Sessions Judge Court Nuapada
11,Orissa,Ganjam,4,2,District Civil and  Sessions Court
11,Orissa,Balasore,5,2,District  and Sessions Judge
11,Orissa,Koraput,6,3,District and Sessions Judge
11,Orissa,Dhenkanal,7,2,District and Sessions Judge Dhenkanal
11,Orissa,Khurda,8,2,District and Sessions Court
11,Orissa,Gajapati,9,2,District and Session Judge
11,Orissa,Kalahandi,10,4,District and Sessions Judge
11,Orissa,Sambalpur,11,2,District and Sessions Judge
11,Orissa,Jharsuguda,12,3,District And Sessions Judge
11,Orissa,Keonjhar,13,2,District and Sessions Judge
11,Orissa,Jagatsinghpur,14,3,Dist and Sessions Judge court Jagatsinghpur
11,Orissa,Puri,15,3,District and Sessions Judge Puri
11,Orissa,Sundargarh,16,2,District and Sessions Judge Court Sundargarh
11,Orissa,Balangir,17,2,District & Sessions Judge
11,Orissa,Bhadrak,18,2,District and Sessions Judge
11,Orissa,Jajpur,19,2,District and Sessions Judge
11,Orissa,Sonepur,20,2,District and  Sessions Judge
11,Orissa,Rayagada,21,2,District and Sessions Court
11,Orissa,Nayagarh,22,4,District & Sessions Judge Court
11,Orissa,Mayurbhanj,26,2,District and Sessions Judge Court
11,Orissa,Anugul,27,2,District and Sessions Judge
11,Orissa,Bargarh,29,1,District and Sessions Judge Court
11,Orissa,Deogarh,30,1,District and Sessions Judge
11,Orissa,Nabarangpur,32,1,District and Sessions Court
11,Orissa,Boudh,24,2,District  and Sessions Judge
11,Orissa,Kandhamal,23,2,District and Sessions Judge
11,Orissa,Malkangiri,31,1,Additional District and Sessions Judge Malkangiri
22,Punjab,Ludhiana,1,1,District and Sessions Courts
22,Punjab,Jalandhar,2,1,DISTRICT AND SESSIONS COURT JALANDHAR
22,Punjab,Rupnagar,3,1,District and Sessions Court
22,Punjab,Fatehgarh Sahib,4,1,District and Sessions Court
22,Punjab,Faridkot,9,1,District and Sessions Courts
22,Punjab,Kapurthala,11,1,District and Sessions Courts
22,Punjab,SBS Nagar,15,1,DISTRICT and SESSIONS COURT SBS NAGAR
22,Punjab,Bathinda,17,1,District and Sessions Courts
22,Punjab,Hoshiarpurr,18,3,DISTRICT AND SESSIONS COURT HOSHIARPUR
22,Punjab,Sangrur,19,1,District and Sessions Court
22,Punjab,Pathankot,21,1,DISTRICT AND SESSIONS COURTS
22,Punjab,Mohali,24,1,District and Sessions Courts
22,Punjab,Fazilka,26,1,District and Sessions Courts
22,Punjab,Tarn Taran,23,1,District and Sessions Courts
22,Punjab,Mansa,13,1,District and Sessions Courts
22,Punjab,Barnala,16,1,District and Sessions Court
22,Punjab,Patiala,5,1,Sessions Court Patiala
22,Punjab,Ferozepur,6,1,Sessions Courts Complex Ferozepur
22,Punjab,Amritsar,8,1,Sessions Court Amritsar
22,Punjab,Gurdaspur,10,1,Sessions Court Gurdaspur
22,Punjab,Moga,12,1,Sessions Court Moga
22,Punjab,Sri Muktsar Sahib,14,1,Sessions Court Muktsar
9,Rajasthan,Rajsamand,1,11,DJ ADJ-Rajsamand District HQ
9,Rajasthan,Alwar,2,11,DJ ADJ-Alwar District HQ
9,Rajasthan,Bikaner,6,8,DJ ADJ - Bikaner District HQ
9,Rajasthan,Ganganagar,7,11,DJ ADJ -Shri Ganganagar District HQ
9,Rajasthan,Merta (Nagaur),8,11,DJ-Merta District HQ
9,Rajasthan,Udaipur,9,12,DJ ADJ-Udaipur District HQ
9,Rajasthan,Hanumangarh,11,2,DJ ADJ-Hanumangarh District HQ
9,Rajasthan,Bharatpur,13,13,DJ ADJ - Bharatpur District HQ
9,Rajasthan,Ajmer,14,9,DJ ADJ-Ajmer District HQ
9,Rajasthan,Jhunjhunu,18,2,DJ ADJ - Jhunjhunu District HQ
9,Rajasthan,Jalore,21,2,DJ - Jalore District HQ
9,Rajasthan,Jhalawar,22,7,DJ ADJ MACT - Jhalawar District HQ
9,Rajasthan,Pratapgarh,23,3,DJ ADJ COURT PRATAPGARH DISTRICT HQ
9,Rajasthan,Dungarpur,24,5,DJ ADJ Dungarpur District HQ
9,Rajasthan,Banswara,25,6,DJ ADJ Banswara District HQ
9,Rajasthan,Sirohi,26,7,DJ ADJ-Sirohi District HQ
9,Rajasthan,Balotra Barmer,27,4,DJ ADJ-Balotra District HQ
9,Rajasthan,Karauli,29,5,DJ ADJ-Karauli District HQ
9,Rajasthan,Chittorgarh,30,6,DJ ADJ - Chittorgarh District HQ
9,Rajasthan,Bhilwara,31,11,DJ/ADJ - Bhilwara District HQ
9,Rajasthan,Jaiselmer,32,4,DJ-Jaisalmer District HQ
9,Rajasthan,Churu,33,22,DJ ADJ DISTRICT HQ CHURU
9,Rajasthan,Dholpur,34,2,DJ ADJ - Dholpur District HQ
9,Rajasthan,Sikar,35,8,District  & Sessions Judge Sikar HQ
9,Rajasthan,Jaipur District,38,9,DJ ADJ-Jaipur District HQ
9,Rajasthan,Jodhpur District,39,1,DJ ADJ-Jodhpur District HQ
9,Rajasthan,Dausa,3,4,DJ ADJ MACT - Dausa District HQ
9,Rajasthan,Jaipur Metro,4,14,DJ ADJ Jaipur Metro HQ
9,Rajasthan,Tonk,5,7,DJ ADJ - Tonk HQ
9,Rajasthan,Bundi,10,5,DJ ADJ - Bundi HQ
9,Rajasthan,Baran,12,8,DJ ADJ - Baran HQ
9,Rajasthan,Pali,19,9,DJ ADJ SCST-PALI DISTRICT HQ
9,Rajasthan,Kota,20,8,DJ ADJ - Kota HQ
9,Rajasthan,Jodhpur Metro,28,10,DJ ADJ Jodhpur Metro HQ
9,Rajasthan,Sawai Madhopur,36,6,DJ ADJ - Sawai Madhopur HQ
9,Rajasthan,Jaipur Metro II,40,6,DJ ADJ Jaipur Metro HQ II
24,Sikkim,Namchi,1,2,ESTABLISHMENT OF DISTRICT AND SESSIONS JUDGE (S)
24,Sikkim,Gyalshing,3,4,ESTABLISHMENT OF DISTRICT AND SESSIONS JUDGE
24,Sikkim,Mangan,2,4,ESTABLISHMENT OF DISTRICT AND SESSIONS JUDGE NORTH
24,Sikkim,Gangtok,4,2,District and Sessions Court
10,Tamil Nadu,Dharmapuri,1,6,Principal District and Sessions
10,Tamil Nadu,Pudukkottai,2,5,PRINCIPAL DISTRICT COURT
10,Tamil Nadu,Theni,4,7,Principal District Court Theni
10,Tamil Nadu,Nagapattinam,6,5,Principal District Court
10,Tamil Nadu,Kanniyakumari,7,7,Principal District and Sessions Court
10,Tamil Nadu,Tiruchirappalli,8,9,Principal District and Session Court
10,Tamil Nadu,Thoothukudi,9,5,Principal District court complex
10,Tamil Nadu,Viluppuram,10,17,Principal District Court Villupuram
10,Tamil Nadu,Vellore,11,12,Principal District Court
10,Tamil Nadu,Virudhunagar,14,8,Principal District Court
10,Tamil Nadu,Madurai,15,3,Principal District Judge
10,Tamil Nadu,The Nilgiris,16,1,District court
10,Tamil Nadu,Thanjavur,17,1,PRINCIPAL DISTRICT COURT
10,Tamil Nadu,Karur,19,2,The Principal District Court
10,Tamil Nadu,Cuddalore,20,1,Principal District Judge Cuddalore.
10,Tamil Nadu,Tiruvannamalai,22,1,Principal District and Sessions Court
10,Tamil Nadu,Perambalur,23,2,Prl. DISTRICT AND SESSIONS COURT AND MAHILA
10,Tamil Nadu,Erode,24,3,Principal District Court
10,Tamil Nadu,Tiruvarur,25,9,Principal District Court
10,Tamil Nadu,Krishnagiri,26,2,Principal District Judge
10,Tamil Nadu,Dindigul,27,2,Principal District and Sessions Court
10,Tamil Nadu,Puducherry,28,7,District and  Sessions Court
10,Tamil Nadu,Ariyalur,30,4,Principal_District_Court_ Establisment_Ariyalur
10,Tamil Nadu,Kancheepuram,31,4,District and Sessions Judge
10,Tamil Nadu,Tiruvallur,32,19,Principal District and Sessions Court
10,Tamil Nadu,Tiruppur,33,20,Principal District court
10,Tamil Nadu,Coimbatore,18,5,Principal District Court
10,Tamil Nadu,Sivagangai,29,1,PRINCIPAL DISTRICT COURT
10,Tamil Nadu,Namakkal,5,4,Principal District Court
10,Tamil Nadu,Tirunelveli,3,12,PDJ I ADJ Mahila III ADJ IV ADJ Tirunelveli
10,Tamil Nadu,Salem,12,2,Pdj Establishment
10,Tamil Nadu,Chennai,13,1,CITY CIVIL and SESSIONS COURT Chennai-600 104.
10,Tamil Nadu,Ramanathapuram,21,6,PDJ ADJ and FTMCourts Ramanathapuram
29,Telangana,Adilabad,1,1,District and Sessions Courts
29,Telangana,Karimnagar,3,1,Prl. District and Sessions Court
29,Telangana,Khammam,4,1,Prl  District and Sessions Judge
29,Telangana,Mahabubnagar,5,1,Prl.District Court
29,Telangana,Medak,6,1,Prl Dist and Sessions Court  Medak at Sangareddy
29,Telangana,Nizamabad,8,13,Prl. District And Sessions Judge Court
29,Telangana,Rangareddy,9,1,Prl.District and Sessions Court
29,Telangana,Warangal,10,1,District Courts
29,Telangana,Hyderabad,2,25,VI  Addl Metropolitan Sessions Court  Secunderabad
29,Telangana,Nalgonda,7,1,PDJ COURT NALGONDA
20,Tripura,West Tripura,1,4,District and Sessions Judge
20,Tripura,North Tripura,2,6,District And Sessions Judge
20,Tripura,SouthTripura,3,9,District Judge Court
20,Tripura,Unakoti  Tripura,5,2,The District and Sessions Judge
20,Tripura,Gomati District,6,2,District Court
20,Tripura,Sepahijala Tripura,9,1,District and Sessions Judge
20,Tripura,Khowai Tripura,10,1,District and Sessions Judge Establishment
20,Tripura,Dhalai Tripura,11,8,District and Sessions Judge Establishment
13,Uttar Pradesh,Allahabad,1,2,District and Sessions Judge
13,Uttar Pradesh,Bareilly,2,2,District and  Sessions Judge
13,Uttar Pradesh,Gorakhpur,3,2,District and Sessions Judge
13,Uttar Pradesh,Hardoi,4,2,District and Session Judge
13,Uttar Pradesh,Chitrakoot,5,2,District and Sessions Judge
13,Uttar Pradesh,Meerut,6,2,District and Sessions Judge
13,Uttar Pradesh,Bahraich,7,2,District and Sessions Judge Bahraich
13,Uttar Pradesh,Ghaziabad,8,2,District Sessions Judge
13,Uttar Pradesh,Fatehpur,9,2,District and Session Court
13,Uttar Pradesh,Lakhimpur,10,2,District and Sessions Judge
13,Uttar Pradesh,Lakhimpur,10,9,District and Sessions Judge
13,Uttar Pradesh,Shravasti,11,2,District and Sessions Judge
13,Uttar Pradesh,Jaunpur,12,2,District  and Sessions Judge
13,Uttar Pradesh,Pilibhit,13,2,District and Sessions Judge
13,Uttar Pradesh,Mainpuri,14,2,District  Session Judge
13,Uttar Pradesh,Ambedkar Nagar,15,2,District and  Sessions Judge
13,Uttar Pradesh,Sitapur,16,2,District and Sessions Judge
13,Uttar Pradesh,Auraiya,17,2,District and Sessions Judge
13,Uttar Pradesh,Budaun,18,2,District and Session Judge
13,Uttar Pradesh,Kanpur Nagar,19,2,District and Sessions Judge
13,Uttar Pradesh,Gautam Buddha Nagar,20,2,District and Session Judge
13,Uttar Pradesh,Ballia,21,2,District and Sessions Judge
13,Uttar Pradesh,Lalitpur,23,2,District and Sessions Judge
13,Uttar Pradesh,Lucknow,24,2,District and Sessions Judge Lucknow
13,Uttar Pradesh,Etah,25,2,District And Sessions Judge
13,Uttar Pradesh,Muzaffarnagar,26,2,District and Session judge
13,Uttar Pradesh,Varanasi,27,2,District and Sessions Judge
13,Uttar Pradesh,Ghazipur,28,2,District and Sessions Judge
13,Uttar Pradesh,Firozabad,29,2,District And Sessions Judge
13,Uttar Pradesh,Agra,30,2,District Judge
13,Uttar Pradesh,Pratapgarh,31,2,District and session judge
13,Uttar Pradesh,Etawah,33,2,District and Sessions Judge
13,Uttar Pradesh,Kushinagar,34,2,District and Sessions Court
13,Uttar Pradesh,Jyotiba Phule Nagar,35,2,District and Sessions Judge
13,Uttar Pradesh,Barabanki,36,2,District and Sessions Judge
13,Uttar Pradesh,Mahoba,38,2,District Session Judge
13,Uttar Pradesh,Banda,39,2,District and Sessions Judge
13,Uttar Pradesh,Kanshi Ram Nagar,40,2,District and Sessions Judge
13,Uttar Pradesh,Deoria,41,2,District and Sessions Judge
13,Uttar Pradesh,Mau,42,2,District and Sessions Judge
13,Uttar Pradesh,Aligarh,43,2,District and Session Judge
13,Uttar Pradesh,Azamgarh,44,2,District and Sessions Judge
13,Uttar Pradesh,Baghpat,45,2,District and Session Judge
13,Uttar Pradesh,Basti,46,2,District and Session Judge
13,Uttar Pradesh,Bijnor,47,2,District and Session Judge
13,Uttar Pradesh,Bulandshahr,48,2,District and Sessions Court
13,Uttar Pradesh,Faizabad,49,2,District and session Judge Faizabad
13,Uttar Pradesh,Gonda,50,2,District Judge Establishment
13,Uttar Pradesh,Maharajganj,52,2,District and Sessions Judge
13,Uttar Pradesh,Mathura,53,2,District and Session Judge
13,Uttar Pradesh,Raebareli,55,2,District and Session Judge
13,Uttar Pradesh,Rampur,56,2,District and Sessions Judge
13,Uttar Pradesh,Saharanpur,57,2,District and Sessions Judge
13,Uttar Pradesh,Shahjahanpur,58,2,District and Sessions Judge
13,Uttar Pradesh,Siddharthnagar,59,2,District and Session Judge
13,Uttar Pradesh,Sonbhadra,60,2,District & Session Judge
13,Uttar Pradesh,Sultanpur,61,2,District  Sessions Judge
13,Uttar Pradesh,Unnao,62,2,District & session Judge
13,Uttar Pradesh,Farrukhabad,63,2,District & Sessions Judge
13,Uttar Pradesh,Hamirpur,64,2,District and Sessions Judge
13,Uttar Pradesh,Hathras,65,2,District and Sessions Judge
13,Uttar Pradesh,Balrampur,67,2,District and  Session Judge
13,Uttar Pradesh,Mirzapur,68,2,District and Sessions Judge
13,Uttar Pradesh,Kannauj,69,2,District and Sessions Judge
13,Uttar Pradesh,Jalaun,70,2,District and Sessions Court
13,Uttar Pradesh,Santkabir Nagar,71,2,District and Sessions Judge
13,Uttar Pradesh,Hapur,73,1,District and Session Court Hapur
13,Uttar Pradesh,Sambhal at Chandausi,74,7,District and Sessions Court
13,Uttar Pradesh,Chandauli,75,1,District and Sessions Judge
13,Uttar Pradesh,Shamli,76,1,District and session judge
13,Uttar Pradesh,Bhadohi SR Nagar,22,2,District and Sessions Judge
13,Uttar Pradesh,Kanpur Dehat,51,2,District and Sessions Judge
13,Uttar Pradesh,Jhansi,66,2,District and Sessions Judge
13,Uttar Pradesh,Moradabad,54,2,District and Sessions Court Moradabad
13,Uttar Pradesh,Kaushambi,37,2,kaushambidj
15,Uttarakhand,Pauri Garhwal,2,2,District and Sessions Judge
15,Uttarakhand,Tehri Garhwal,3,2,District and Sessions Judge
15,Uttarakhand,Uttarkashi,6,2,District and  Sessions Judge Uttarkashi
15,Uttarakhand,Almora,7,2,District and Session Judge
15,Uttarakhand,Chamoli,8,2,District and Sessions Judge
15,Uttarakhand,Haridwar,9,1,District and Sessions Judge
15,Uttarakhand,Champawat,13,2,District and Sessions Judge
15,Uttarakhand,Bageshwar,14,2,District and Session Judge
15,Uttarakhand,Pithoragarh,15,2,District And Sessions Judge
15,Uttarakhand,Rudraprayag,16,1,DISTRICT & SESSIONS JUDGE
15,Uttarakhand,Nainital,1,1,nainital
15,Uttarakhand,Udham Singh Nagar,4,3,usnagar_dj
15,Uttarakhand,Dehradun,5,8,DJ_Dehradun
16,West Bengal,Malda,1,2,District and Sessions Judge
16,West Bengal,Coochbehar,6,2,District and Sessions Judge
16,West Bengal,Paschim Medinpur,7,2,district and session judge
16,West Bengal,Birbhum,8,2,District and Sessions Judges
16,West Bengal,Purba Medinipur,9,2,District and Sessions Judge
16,West Bengal,Purulia,10,2,District and Session Judge Purulia
16,West Bengal,Howrah,11,2,District and Sessions Judge
16,West Bengal,Murshidabad,12,2,District and Session Judge
16,West Bengal,North  Twenty Four Parganas,14,3,Barasat District Judge
16,West Bengal,Darjeeling,17,2,District and Sessions Judge Court
16,West Bengal,Purba Bardhaman,18,2,District and Sessions Judge
16,West Bengal,Bankura,19,1,District and Sessions Judge
16,West Bengal,South Twenty Four Parganas,20,1,District and Sessions Judge
16,West Bengal,North Dinajpur,21,1,District and Sessions Judge Raiganj
16,West Bengal,Nadia,22,5,District and Sessions Judge
16,West Bengal,kalimpong,23,4,District and sessions Judge court
16,West Bengal,Paschim Bardhaman,24,8,District and Sessions Judge Court
16,West Bengal,Jalpaiguri,4,2,District and Session Judge
16,West Bengal,Hooghly,2,3,DISTRICT & SESSION JUDGE
16,West Bengal,Calcutta,3,6,City Sessions Court Calcutta
16,West Bengal,South Dinajpur,13,2,DJ and ADJ Courts at Balurghat
16,West Bengal,Jhargram,25,1,dj